trial_id,loss,timestamp,checkpoint_dir_name,done,training_iteration,date,time_this_iter_s,time_total_s,pid,hostname,node_ip,time_since_restore,iterations_since_restore,experiment_tag,config/lr_g,config/lr_d,config/batch_size,config/hidden_dim,config/embedding_dim,config/num_layers,config/dropout_prob,config/num_heads,config/bidirectional,config/n_disc_steps,config/clip_value,config/optimizer,config/n_epochs
61475_00000,0.6931262612342834,1724157877,,True,25,2024-08-20_08-44-37,79.35729598999023,1963.8059968948364,455360,WUSSYRD230001,172.27.161.222,1963.8059968948364,25,"0_batch_size=64,bidirectional=False,clip_value=0.0024,dropout_prob=0.5000,embedding_dim=32,hidden_dim=16,lr_d=0.0001,lr_g=0.0076,n_disc_steps=5,num_heads=4,num_layers=2",0.007585268004427478,8.699668134014402e-05,64,16,32,2,0.5,4,False,5,0.002432665325870104,rmsprop,25
61475_00001,0.6934844851493835,1724156334,,True,25,2024-08-20_08-18-54,16.904019117355347,420.6675419807434,455361,WUSSYRD230001,172.27.161.222,420.6675419807434,25,"1_batch_size=128,bidirectional=True,clip_value=0.0051,dropout_prob=0.2500,embedding_dim=16,hidden_dim=16,lr_d=0.0013,lr_g=0.0001,n_disc_steps=1,num_heads=2,num_layers=2",5.327774381428646e-05,0.0013389863423431782,128,16,16,2,0.25,2,True,1,0.005121381747424842,rmsprop,25
61475_00002,0.6931912899017334,1724158031,,True,25,2024-08-20_08-47-11,67.2678451538086,1692.9590871334076,459775,WUSSYRD230001,172.27.161.222,1692.9590871334076,25,"2_batch_size=32,bidirectional=True,clip_value=0.0051,dropout_prob=0.2500,embedding_dim=32,hidden_dim=64,lr_d=0.0002,lr_g=0.0001,n_disc_steps=3,num_heads=4,num_layers=2",5.8015754835226455e-05,0.00018377947425926848,32,64,32,2,0.25,4,True,3,0.005088719870289755,rmsprop,25
61475_00003,0.6931543350219727,1724161708,,True,25,2024-08-20_09-48-28,150.64941143989563,3828.215713739395,471651,WUSSYRD230001,172.27.161.222,3828.215713739395,25,"3_batch_size=32,bidirectional=True,clip_value=0.0036,dropout_prob=0.2500,embedding_dim=16,hidden_dim=128,lr_d=0.0000,lr_g=0.0036,n_disc_steps=5,num_heads=2,num_layers=3",0.0036164454798606085,2.9968395503961184e-05,32,128,16,3,0.25,2,True,5,0.0036207594629644713,rmsprop,25
61475_00004,0.6937595009803772,1724158277,,True,5,2024-08-20_08-51-17,47.85590887069702,242.89671921730042,473010,WUSSYRD230001,172.27.161.222,242.89671921730042,5,"4_batch_size=128,bidirectional=True,clip_value=0.0012,dropout_prob=0.5000,embedding_dim=64,hidden_dim=64,lr_d=0.0026,lr_g=0.0004,n_disc_steps=3,num_heads=4,num_layers=3",0.000376708004466911,0.0026073320001207974,128,64,64,3,0.5,4,True,3,0.0011735599704718043,rmsprop,25
61475_00005,0.6934806704521179,1724158481,,True,5,2024-08-20_08-54-41,40.12088966369629,201.3436963558197,475072,WUSSYRD230001,172.27.161.222,201.3436963558197,5,"5_batch_size=128,bidirectional=True,clip_value=0.0043,dropout_prob=0.2500,embedding_dim=16,hidden_dim=16,lr_d=0.0019,lr_g=0.0029,n_disc_steps=3,num_heads=8,num_layers=3",0.00293273179377556,0.001856256498621801,128,16,16,3,0.25,8,True,3,0.004290223104758489,rmsprop,25
61475_00006,0.6938257813453674,1724159260,,True,10,2024-08-20_09-07-40,77.54318976402283,775.6632611751556,476840,WUSSYRD230001,172.27.161.222,775.6632611751556,10,"6_batch_size=64,bidirectional=False,clip_value=0.0013,dropout_prob=0.2500,embedding_dim=64,hidden_dim=32,lr_d=0.0051,lr_g=0.0011,n_disc_steps=5,num_heads=4,num_layers=3",0.0010556292679823195,0.005050570213162143,64,32,64,3,0.25,4,False,5,0.0013019548366194826,rmsprop,25
61475_00007,0.6964928507804871,1724159965,,True,10,2024-08-20_09-19-25,70.1176221370697,702.0062425136566,482681,WUSSYRD230001,172.27.161.222,702.0062425136566,10,"7_batch_size=64,bidirectional=False,clip_value=0.0081,dropout_prob=0.5000,embedding_dim=16,hidden_dim=16,lr_d=0.0137,lr_g=0.0000,n_disc_steps=5,num_heads=4,num_layers=3",3.973103921672913e-05,0.013735202344860272,64,16,16,3,0.5,4,False,5,0.00812145880825984,rmsprop,25
61475_00008,0.6931340098381042,1724160928,,True,25,2024-08-20_09-35-28,37.66971826553345,960.279185295105,487986,WUSSYRD230001,172.27.161.222,960.279185295105,25,"8_batch_size=128,bidirectional=True,clip_value=0.0028,dropout_prob=0.5000,embedding_dim=32,hidden_dim=16,lr_d=0.0001,lr_g=0.0009,n_disc_steps=3,num_heads=2,num_layers=3",0.0008720801474273564,5.347658270536682e-05,128,16,32,3,0.5,2,True,3,0.0027704771308291586,rmsprop,25
61475_00009,0.6931381821632385,1724161384,,True,25,2024-08-20_09-43-04,17.950634241104126,452.3900911808014,495327,WUSSYRD230001,172.27.161.222,452.3900911808014,25,"9_batch_size=128,bidirectional=False,clip_value=0.0069,dropout_prob=0.2500,embedding_dim=64,hidden_dim=32,lr_d=0.0000,lr_g=0.0151,n_disc_steps=1,num_heads=8,num_layers=2",0.015107189784715517,3.7108977718822155e-05,128,32,64,2,0.25,8,False,1,0.006861196788719581,rmsprop,25
61475_00010,0.6933407187461853,1724161575,,True,10,2024-08-20_09-46-15,18.5101101398468,189.07896494865417,499482,WUSSYRD230001,172.27.161.222,189.07896494865417,10,"10_batch_size=128,bidirectional=False,clip_value=0.0031,dropout_prob=0.5000,embedding_dim=64,hidden_dim=64,lr_d=0.0006,lr_g=0.0000,n_disc_steps=1,num_heads=8,num_layers=3",2.3469150860677393e-05,0.0005913055977373432,128,64,64,3,0.5,8,False,1,0.0030758648797425624,rmsprop,25
61475_00011,0.6921328902244568,1724163158,,True,25,2024-08-20_10-12-38,64.16843366622925,1580.0060412883759,501330,WUSSYRD230001,172.27.161.222,1580.0060412883759,25,"11_batch_size=32,bidirectional=True,clip_value=0.0034,dropout_prob=0.2500,embedding_dim=16,hidden_dim=16,lr_d=0.0040,lr_g=0.0004,n_disc_steps=3,num_heads=8,num_layers=3",0.00037635345826210606,0.004045582666115791,32,16,16,3,0.25,8,True,3,0.003354808343248488,rmsprop,25
61475_00012,0.6945241689682007,1724162031,,True,5,2024-08-20_09-53-51,63.542020320892334,320.09144735336304,502556,WUSSYRD230001,172.27.161.222,320.09144735336304,5,"12_batch_size=32,bidirectional=False,clip_value=0.0031,dropout_prob=0.5000,embedding_dim=16,hidden_dim=32,lr_d=0.0060,lr_g=0.0181,n_disc_steps=3,num_heads=4,num_layers=2",0.018136246368893348,0.005997255868112916,32,32,16,2,0.5,4,False,3,0.003074109668543642,rmsprop,25
61475_00013,0.6931355595588684,1724164502,,True,25,2024-08-20_10-35-02,99.3140344619751,2467.7839572429657,505260,WUSSYRD230001,172.27.161.222,2467.7839572429657,25,"13_batch_size=128,bidirectional=True,clip_value=0.0032,dropout_prob=0.5000,embedding_dim=32,hidden_dim=128,lr_d=0.0000,lr_g=0.0072,n_disc_steps=5,num_heads=8,num_layers=2",0.007191459195124597,4.84943699121914e-05,128,128,32,2,0.5,8,True,5,0.0031930726068925,rmsprop,25
61475_00014,0.6935967206954956,1724163656,,True,10,2024-08-20_10-20-56,49.784780979156494,495.1836566925049,513441,WUSSYRD230001,172.27.161.222,495.1836566925049,10,"14_batch_size=64,bidirectional=False,clip_value=0.0017,dropout_prob=0.5000,embedding_dim=32,hidden_dim=16,lr_d=0.0018,lr_g=0.0028,n_disc_steps=3,num_heads=8,num_layers=3",0.0027906101979332755,0.0018432840212814319,64,16,32,3,0.5,8,False,3,0.001737783917329398,rmsprop,25
61475_00015,0.697197437286377,1724164449,,True,25,2024-08-20_10-34-09,31.242807626724243,789.3093695640564,517245,WUSSYRD230001,172.27.161.222,789.3093695640564,25,"15_batch_size=32,bidirectional=False,clip_value=0.0081,dropout_prob=0.5000,embedding_dim=16,hidden_dim=128,lr_d=0.0199,lr_g=0.0165,n_disc_steps=1,num_heads=2,num_layers=3",0.01645636637094023,0.019879389141090543,32,128,16,3,0.5,2,False,1,0.008084180330267973,rmsprop,25
61475_00016,0.6938036680221558,1724165281,,True,10,2024-08-20_10-48-01,82.98169040679932,829.6430017948151,523472,WUSSYRD230001,172.27.161.222,829.6430017948151,10,"16_batch_size=64,bidirectional=True,clip_value=0.0015,dropout_prob=0.2500,embedding_dim=16,hidden_dim=64,lr_d=0.0189,lr_g=0.0000,n_disc_steps=5,num_heads=8,num_layers=2",3.6095622430271576e-05,0.018851050028154615,64,64,16,2,0.25,8,True,5,0.001451916211818357,rmsprop,25
61475_00017,0.6930879354476929,1724166126,,True,25,2024-08-20_11-02-06,64.1078052520752,1620.3383958339691,524108,WUSSYRD230001,172.27.161.222,1620.3383958339691,25,"17_batch_size=128,bidirectional=False,clip_value=0.0058,dropout_prob=0.5000,embedding_dim=32,hidden_dim=64,lr_d=0.0002,lr_g=0.0096,n_disc_steps=5,num_heads=2,num_layers=3",0.009589366969542578,0.00024495189206024136,128,64,32,3,0.5,2,False,5,0.005840000201906284,rmsprop,25
61475_00018,0.6931610107421875,1724165628,,True,5,2024-08-20_10-53-48,67.92908978462219,343.5714056491852,529896,WUSSYRD230001,172.27.161.222,343.5714056491852,5,"18_batch_size=32,bidirectional=False,clip_value=0.0039,dropout_prob=0.2500,embedding_dim=16,hidden_dim=128,lr_d=0.0001,lr_g=0.0000,n_disc_steps=3,num_heads=8,num_layers=3",2.7172718538279383e-05,5.552654100945157e-05,32,128,16,3,0.25,8,False,3,0.0039346379227268285,rmsprop,25
61475_00019,0.6931618452072144,1724165984,,True,5,2024-08-20_10-59-44,69.46850347518921,352.08122205734253,532707,WUSSYRD230001,172.27.161.222,352.08122205734253,5,"19_batch_size=32,bidirectional=True,clip_value=0.0081,dropout_prob=0.5000,embedding_dim=64,hidden_dim=32,lr_d=0.0001,lr_g=0.0028,n_disc_steps=3,num_heads=8,num_layers=2",0.002754212989677056,6.234678374098697e-05,32,32,64,2,0.5,8,True,3,0.008147610761871042,rmsprop,25
61475_00020,0.6937587261199951,1724166494,,True,10,2024-08-20_11-08-14,50.687915325164795,507.44575357437134,535532,WUSSYRD230001,172.27.161.222,507.44575357437134,10,"20_batch_size=64,bidirectional=False,clip_value=0.0012,dropout_prob=0.2500,embedding_dim=64,hidden_dim=32,lr_d=0.0031,lr_g=0.0029,n_disc_steps=3,num_heads=8,num_layers=2",0.0028595769890699487,0.0031255316007425035,64,32,64,2,0.25,8,False,3,0.0012197877286689634,rmsprop,25
61475_00021,0.6933698058128357,1724166535,,True,5,2024-08-20_11-08-55,81.8931827545166,406.8954908847809,536840,WUSSYRD230001,172.27.161.222,406.8954908847809,5,"21_batch_size=32,bidirectional=False,clip_value=0.0062,dropout_prob=0.2500,embedding_dim=32,hidden_dim=128,lr_d=0.0005,lr_g=0.0002,n_disc_steps=3,num_heads=8,num_layers=2",0.00019129465071252605,0.0004974019771462686,32,128,32,2,0.25,8,False,3,0.006169905556646741,rmsprop,25
61475_00022,0.6931472420692444,1724166617,,True,5,2024-08-20_11-10-17,23.328758478164673,120.55012512207031,539812,WUSSYRD230001,172.27.161.222,120.55012512207031,5,"22_batch_size=64,bidirectional=False,clip_value=0.0019,dropout_prob=0.5000,embedding_dim=32,hidden_dim=32,lr_d=0.0000,lr_g=0.0003,n_disc_steps=1,num_heads=8,num_layers=2",0.0003413485052919058,2.611792111209537e-05,64,32,32,2,0.5,8,False,1,0.0019446710726001017,rmsprop,25
61475_00023,0.6930698156356812,1724169359,,True,25,2024-08-20_11-55-59,114.14083313941956,2820.6740992069244,540411,WUSSYRD230001,172.27.161.222,2820.6740992069244,25,"23_batch_size=32,bidirectional=True,clip_value=0.0017,dropout_prob=0.5000,embedding_dim=32,hidden_dim=16,lr_d=0.0004,lr_g=0.0000,n_disc_steps=5,num_heads=4,num_layers=3",2.5082324236250436e-05,0.00037887498014499475,32,16,32,3,0.5,4,True,5,0.00168180704108635,rmsprop,25
61475_00024,0.6931596398353577,1724168113,,True,20,2024-08-20_11-35-13,74.75081515312195,1492.6701118946075,541338,WUSSYRD230001,172.27.161.222,1492.6701118946075,20,"24_batch_size=64,bidirectional=True,clip_value=0.0012,dropout_prob=0.2500,embedding_dim=32,hidden_dim=128,lr_d=0.0001,lr_g=0.0004,n_disc_steps=3,num_heads=4,num_layers=3",0.0003763842914873343,5.003863567557804e-05,64,128,32,3,0.25,4,True,3,0.0012359014819253332,rmsprop,25
61475_00025,0.6931365132331848,1724168209,,True,5,2024-08-20_11-36-49,17.95275115966797,92.4253442287445,551943,WUSSYRD230001,172.27.161.222,92.4253442287445,5,"25_batch_size=128,bidirectional=True,clip_value=0.0076,dropout_prob=0.5000,embedding_dim=16,hidden_dim=32,lr_d=0.0000,lr_g=0.0011,n_disc_steps=1,num_heads=4,num_layers=2",0.0010876585261313059,4.536523693082466e-05,128,32,16,2,0.5,4,True,1,0.007640834539198955,rmsprop,25
61475_00026,0.6933273077011108,1724168891,,True,10,2024-08-20_11-48-11,66.86086630821228,679.7257318496704,552991,WUSSYRD230001,172.27.161.222,679.7257318496704,10,"26_batch_size=32,bidirectional=False,clip_value=0.0033,dropout_prob=0.5000,embedding_dim=16,hidden_dim=128,lr_d=0.0063,lr_g=0.0001,n_disc_steps=3,num_heads=8,num_layers=2",7.135127489827645e-05,0.006290886057401936,32,128,16,2,0.5,8,False,3,0.0033496350688477137,rmsprop,25
61475_00027,0.6931560039520264,1724169450,,True,5,2024-08-20_11-57-30,108.31047797203064,554.9593706130981,558085,WUSSYRD230001,172.27.161.222,554.9593706130981,5,"27_batch_size=64,bidirectional=True,clip_value=0.0041,dropout_prob=0.5000,embedding_dim=16,hidden_dim=128,lr_d=0.0000,lr_g=0.0064,n_disc_steps=5,num_heads=8,num_layers=3",0.0063571895453449255,3.5982884771500614e-05,64,128,16,3,0.5,8,True,5,0.004077376096001587,rmsprop,25
61475_00028,0.6931397914886475,1724169639,,True,5,2024-08-20_12-00-39,55.23849630355835,277.63338589668274,561482,WUSSYRD230001,172.27.161.222,277.63338589668274,5,"28_batch_size=64,bidirectional=False,clip_value=0.0024,dropout_prob=0.2500,embedding_dim=32,hidden_dim=64,lr_d=0.0000,lr_g=0.0004,n_disc_steps=3,num_heads=8,num_layers=3",0.0003654066693888161,2.9031189168242628e-05,64,64,32,3,0.25,8,False,3,0.0024478640825381956,rmsprop,25
61475_00029,0.6931472420692444,1724169545,,True,5,2024-08-20_11-59-05,17.564717292785645,92.60038900375366,562362,WUSSYRD230001,172.27.161.222,92.60038900375366,5,"29_batch_size=128,bidirectional=False,clip_value=0.0028,dropout_prob=0.2500,embedding_dim=32,hidden_dim=32,lr_d=0.0005,lr_g=0.0001,n_disc_steps=1,num_heads=4,num_layers=3",7.039109395452009e-05,0.0004764543158886007,128,32,32,3,0.25,4,False,1,0.002831730077935109,rmsprop,25
61475_00030,0.6932204365730286,1724170395,,True,10,2024-08-20_12-13-15,83.59443998336792,845.7532224655151,563443,WUSSYRD230001,172.27.161.222,845.7532224655151,10,"30_batch_size=64,bidirectional=True,clip_value=0.0021,dropout_prob=0.5000,embedding_dim=16,hidden_dim=64,lr_d=0.0004,lr_g=0.0007,n_disc_steps=5,num_heads=4,num_layers=3",0.0006738069412445854,0.00036779598003038256,64,64,16,3,0.5,4,True,5,0.0021437736887952434,rmsprop,25
61475_00031,0.6959196329116821,1724169946,,True,5,2024-08-20_12-05-46,59.73784589767456,302.96328830718994,564372,WUSSYRD230001,172.27.161.222,302.96328830718994,5,"31_batch_size=128,bidirectional=False,clip_value=0.0060,dropout_prob=0.2500,embedding_dim=16,hidden_dim=32,lr_d=0.0125,lr_g=0.0007,n_disc_steps=5,num_heads=2,num_layers=2",0.0006676417956778657,0.01251271253607255,128,32,16,2,0.25,2,False,5,0.005968947728166374,rmsprop,25
61475_00032,0.6931325793266296,1724171927,,True,25,2024-08-20_12-38-47,77.95503830909729,1977.9792306423187,566749,WUSSYRD230001,172.27.161.222,1977.9792306423187,25,"32_batch_size=32,bidirectional=False,clip_value=0.0060,dropout_prob=0.2500,embedding_dim=32,hidden_dim=128,lr_d=0.0001,lr_g=0.0000,n_disc_steps=3,num_heads=2,num_layers=3",2.6101538428130612e-05,6.133990905151918e-05,32,128,32,3,0.25,2,False,3,0.00599040637968796,rmsprop,25
61475_00033,0.6931517720222473,1724171676,,True,25,2024-08-20_12-34-36,49.91751551628113,1277.7748980522156,570139,WUSSYRD230001,172.27.161.222,1277.7748980522156,25,"33_batch_size=128,bidirectional=False,clip_value=0.0055,dropout_prob=0.5000,embedding_dim=64,hidden_dim=128,lr_d=0.0018,lr_g=0.0006,n_disc_steps=3,num_heads=2,num_layers=3",0.0005897208456476214,0.0018431904491301163,128,128,64,3,0.5,2,False,3,0.005473156156030472,rmsprop,25
61475_00034,0.7707744240760803,1724171958,,True,5,2024-08-20_12-39-18,55.576066970825195,278.96252965927124,579394,WUSSYRD230001,172.27.161.222,278.96252965927124,5,"34_batch_size=128,bidirectional=True,clip_value=0.0081,dropout_prob=0.5000,embedding_dim=32,hidden_dim=128,lr_d=0.0134,lr_g=0.0041,n_disc_steps=3,num_heads=4,num_layers=2",0.004086800025392213,0.013448070902660135,128,128,32,2,0.5,4,True,3,0.008101987508250374,rmsprop,25
61475_00035,0.6931430101394653,1724172162,,True,5,2024-08-20_12-42-42,44.8208122253418,231.54493021965027,581327,WUSSYRD230001,172.27.161.222,231.54493021965027,5,"35_batch_size=32,bidirectional=True,clip_value=0.0026,dropout_prob=0.2500,embedding_dim=32,hidden_dim=128,lr_d=0.0000,lr_g=0.0001,n_disc_steps=1,num_heads=2,num_layers=3",8.744665505764921e-05,2.553783550346812e-05,32,128,32,3,0.25,2,True,1,0.002645434827771374,rmsprop,25
61475_00036,0.693147599697113,1724172068,,True,5,2024-08-20_12-41-08,20.303898572921753,106.98216724395752,581806,WUSSYRD230001,172.27.161.222,106.98216724395752,5,"36_batch_size=128,bidirectional=True,clip_value=0.0029,dropout_prob=0.5000,embedding_dim=32,hidden_dim=64,lr_d=0.0006,lr_g=0.0001,n_disc_steps=1,num_heads=2,num_layers=3",8.154899920526264e-05,0.0005640748520781041,128,64,32,3,0.5,2,True,1,0.0029239351017144185,rmsprop,25
61475_00037,0.6931348443031311,1724173110,,True,25,2024-08-20_12-58-30,41.236438274383545,1038.7795746326447,582935,WUSSYRD230001,172.27.161.222,1038.7795746326447,25,"37_batch_size=128,bidirectional=True,clip_value=0.0027,dropout_prob=0.5000,embedding_dim=64,hidden_dim=32,lr_d=0.0001,lr_g=0.0006,n_disc_steps=3,num_heads=2,num_layers=3",0.0006281028982907385,5.167235461638923e-05,128,32,64,3,0.5,2,True,3,0.0026513918064662054,rmsprop,25
61475_00038,0.6931473612785339,1724172258,,True,5,2024-08-20_12-44-18,17.919095754623413,93.78011560440063,583907,WUSSYRD230001,172.27.161.222,93.78011560440063,5,"38_batch_size=128,bidirectional=True,clip_value=0.0020,dropout_prob=0.2500,embedding_dim=16,hidden_dim=16,lr_d=0.0007,lr_g=0.0001,n_disc_steps=1,num_heads=8,num_layers=3",6.133349217902638e-05,0.0007460437134068317,128,16,16,3,0.25,8,True,1,0.00200437211084716,rmsprop,25
61475_00039,0.6956263780593872,1724172531,,True,10,2024-08-20_12-48-51,26.545570135116577,269.96895599365234,584967,WUSSYRD230001,172.27.161.222,269.96895599365234,10,"39_batch_size=64,bidirectional=True,clip_value=0.0040,dropout_prob=0.2500,embedding_dim=32,hidden_dim=64,lr_d=0.0080,lr_g=0.0007,n_disc_steps=1,num_heads=8,num_layers=3",0.0006840863389033956,0.007996978581208816,64,64,32,3,0.25,8,True,1,0.003976763383696341,rmsprop,25
61475_00040,0.6947387456893921,1724173136,,True,5,2024-08-20_12-58-56,123.1354169845581,601.646790266037,587336,WUSSYRD230001,172.27.161.222,601.646790266037,5,"40_batch_size=32,bidirectional=False,clip_value=0.0025,dropout_prob=0.5000,embedding_dim=32,hidden_dim=128,lr_d=0.0095,lr_g=0.0048,n_disc_steps=5,num_heads=8,num_layers=2",0.00482533575053585,0.009518763759326174,32,128,32,2,0.5,8,False,5,0.0025077968501600223,rmsprop,25
61475_00041,0.6931487917900085,1724173206,,True,5,2024-08-20_13-00-06,17.99156951904297,92.98509430885315,591603,WUSSYRD230001,172.27.161.222,92.98509430885315,5,"41_batch_size=128,bidirectional=True,clip_value=0.0089,dropout_prob=0.2500,embedding_dim=16,hidden_dim=16,lr_d=0.0008,lr_g=0.0000,n_disc_steps=1,num_heads=4,num_layers=3",4.421820001078376e-05,0.0008411060412279562,128,16,16,3,0.25,4,True,1,0.00888739368080646,rmsprop,25
61475_00042,0.6933795809745789,1724173233,,True,5,2024-08-20_13-00-33,17.69883894920349,93.6986813545227,592098,WUSSYRD230001,172.27.161.222,93.6986813545227,5,"42_batch_size=128,bidirectional=False,clip_value=0.0024,dropout_prob=0.5000,embedding_dim=32,hidden_dim=32,lr_d=0.0015,lr_g=0.0112,n_disc_steps=1,num_heads=8,num_layers=2",0.011209669936824327,0.001537056805411057,128,32,32,2,0.5,8,False,1,0.0024107492023309864,rmsprop,25
61475_00043,0.6936328411102295,1724173483,,True,10,2024-08-20_13-04-43,27.181633949279785,273.4511606693268,593009,WUSSYRD230001,172.27.161.222,273.4511606693268,10,"43_batch_size=64,bidirectional=True,clip_value=0.0011,dropout_prob=0.5000,embedding_dim=32,hidden_dim=64,lr_d=0.0019,lr_g=0.0008,n_disc_steps=1,num_heads=2,num_layers=2",0.0007983771967548664,0.0019066001808150362,64,64,32,2,0.5,2,True,1,0.001083065870689152,rmsprop,25
61475_00044,0.6984528303146362,1724174363,,True,20,2024-08-20_13-19-23,56.13626456260681,1127.0121881961823,593498,WUSSYRD230001,172.27.161.222,1127.0121881961823,20,"44_batch_size=128,bidirectional=True,clip_value=0.0046,dropout_prob=0.5000,embedding_dim=32,hidden_dim=128,lr_d=0.0143,lr_g=0.0001,n_disc_steps=3,num_heads=8,num_layers=2",0.00014922360048686854,0.014255610844503256,128,128,32,2,0.5,8,True,3,0.004634963910851956,rmsprop,25
61475_00045,0.6939379572868347,1724173860,,True,5,2024-08-20_13-11-00,74.14905071258545,374.6554296016693,595584,WUSSYRD230001,172.27.161.222,374.6554296016693,5,"45_batch_size=32,bidirectional=False,clip_value=0.0013,dropout_prob=0.2500,embedding_dim=32,hidden_dim=128,lr_d=0.0154,lr_g=0.0007,n_disc_steps=3,num_heads=4,num_layers=2",0.0006572532198305444,0.015392949419748354,32,128,32,2,0.25,4,False,3,0.0013484703111774734,rmsprop,25
61475_00046,0.6931472420692444,1724173985,,True,5,2024-08-20_13-13-05,24.03616976737976,121.6669762134552,598316,WUSSYRD230001,172.27.161.222,121.6669762134552,5,"46_batch_size=64,bidirectional=False,clip_value=0.0054,dropout_prob=0.2500,embedding_dim=64,hidden_dim=16,lr_d=0.0001,lr_g=0.0007,n_disc_steps=1,num_heads=4,num_layers=3",0.0006994554565520223,0.00010313094894151335,64,16,64,3,0.25,4,False,1,0.0054112877498190765,rmsprop,25
61475_00047,0.6931764483451843,1724174256,,True,5,2024-08-20_13-17-36,53.02196788787842,267.419114112854,599496,WUSSYRD230001,172.27.161.222,267.419114112854,5,"47_batch_size=64,bidirectional=False,clip_value=0.0053,dropout_prob=0.5000,embedding_dim=64,hidden_dim=16,lr_d=0.0001,lr_g=0.0175,n_disc_steps=3,num_heads=2,num_layers=3",0.017548733095926843,0.00011676620217733715,64,16,64,3,0.5,2,False,3,0.005252131439632923,rmsprop,25
61475_00048,0.6931731700897217,1724174974,,True,5,2024-08-20_13-29-34,141.22798824310303,715.3423566818237,601565,WUSSYRD230001,172.27.161.222,715.3423566818237,5,"48_batch_size=32,bidirectional=True,clip_value=0.0029,dropout_prob=0.2500,embedding_dim=32,hidden_dim=128,lr_d=0.0004,lr_g=0.0061,n_disc_steps=5,num_heads=8,num_layers=2",0.006059647531142533,0.000442592475391983,32,128,32,2,0.25,8,True,5,0.0029463304187168924,rmsprop,25
61475_00049,0.6924799680709839,1724177643,,True,25,2024-08-20_14-14-03,131.11125206947327,3276.1938586235046,602480,WUSSYRD230001,172.27.161.222,3276.1938586235046,25,"49_batch_size=32,bidirectional=False,clip_value=0.0018,dropout_prob=0.5000,embedding_dim=64,hidden_dim=128,lr_d=0.0168,lr_g=0.0040,n_disc_steps=5,num_heads=8,num_layers=2",0.004022206481940299,0.016751912065797427,32,128,64,2,0.5,8,False,5,0.0017620927707731385,rmsprop,25
61475_00050,0.6931470632553101,1724176080,,True,20,2024-08-20_13-48-00,55.252668142318726,1102.9460742473602,606644,WUSSYRD230001,172.27.161.222,1102.9460742473602,20,"50_batch_size=64,bidirectional=True,clip_value=0.0065,dropout_prob=0.2500,embedding_dim=32,hidden_dim=64,lr_d=0.0019,lr_g=0.0000,n_disc_steps=3,num_heads=4,num_layers=3",3.2684437098173785e-05,0.0019422185771888008,64,64,32,3,0.25,4,True,3,0.0064733693167821505,rmsprop,25
61475_00051,0.6920425295829773,1724178789,,True,25,2024-08-20_14-33-09,109.46536564826965,2706.06153011322,614259,WUSSYRD230001,172.27.161.222,2706.06153011322,25,"51_batch_size=32,bidirectional=False,clip_value=0.0021,dropout_prob=0.5000,embedding_dim=64,hidden_dim=16,lr_d=0.0130,lr_g=0.0015,n_disc_steps=5,num_heads=8,num_layers=3",0.0014915718587823015,0.013040133915108798,32,16,64,3,0.5,8,False,5,0.0021365369300353977,rmsprop,25
61475_00052,0.6942825317382812,1724178230,,True,5,2024-08-20_14-23-50,116.56105422973633,584.12073969841,624588,WUSSYRD230001,172.27.161.222,584.12073969841,5,"52_batch_size=32,bidirectional=False,clip_value=0.0024,dropout_prob=0.2500,embedding_dim=64,hidden_dim=16,lr_d=0.0117,lr_g=0.0001,n_disc_steps=5,num_heads=2,num_layers=3",6.100745173091817e-05,0.011722877763540657,32,16,64,3,0.25,2,False,5,0.0023585220871571973,rmsprop,25
61475_00053,0.6932456493377686,1724178625,,True,5,2024-08-20_14-30-25,78.02542161941528,391.6913788318634,628657,WUSSYRD230001,172.27.161.222,391.6913788318634,5,"53_batch_size=32,bidirectional=True,clip_value=0.0055,dropout_prob=0.2500,embedding_dim=64,hidden_dim=32,lr_d=0.0018,lr_g=0.0000,n_disc_steps=3,num_heads=2,num_layers=2",2.5074434619125873e-05,0.001848979562790193,32,32,64,2,0.25,2,True,3,0.005506469750955172,rmsprop,25
61475_00054,0.6931572556495667,1724178842,,True,5,2024-08-20_14-34-02,42.22441554069519,213.2485625743866,631554,WUSSYRD230001,172.27.161.222,213.2485625743866,5,"54_batch_size=128,bidirectional=False,clip_value=0.0083,dropout_prob=0.5000,embedding_dim=64,hidden_dim=16,lr_d=0.0001,lr_g=0.0012,n_disc_steps=3,num_heads=4,num_layers=2",0.0011681612250072678,5.233131644155016e-05,128,16,64,2,0.5,4,False,3,0.00826933262904928,rmsprop,25
61475_00055,0.6940954923629761,1724179364,,True,5,2024-08-20_14-42-44,114.18566179275513,572.1043102741241,632928,WUSSYRD230001,172.27.161.222,572.1043102741241,5,"55_batch_size=64,bidirectional=True,clip_value=0.0023,dropout_prob=0.5000,embedding_dim=64,hidden_dim=128,lr_d=0.0031,lr_g=0.0004,n_disc_steps=5,num_heads=2,num_layers=3",0.00038092604574117774,0.0031225114014055986,64,128,64,3,0.5,2,True,5,0.0022612917961401914,rmsprop,25
61475_00056,0.6931855082511902,1724180039,,True,10,2024-08-20_14-53-59,119.66750717163086,1194.3064725399017,633558,WUSSYRD230001,172.27.161.222,1194.3064725399017,10,"56_batch_size=64,bidirectional=True,clip_value=0.0015,dropout_prob=0.5000,embedding_dim=16,hidden_dim=128,lr_d=0.0002,lr_g=0.0013,n_disc_steps=5,num_heads=4,num_layers=3",0.001324573454923872,0.00015688007787335905,64,128,16,3,0.5,4,True,5,0.0014861761472090256,rmsprop,25
61475_00057,0.6934334635734558,1724179731,,True,5,2024-08-20_14-48-51,71.72792792320251,363.59691047668457,636947,WUSSYRD230001,172.27.161.222,363.59691047668457,5,"57_batch_size=32,bidirectional=False,clip_value=0.0070,dropout_prob=0.5000,embedding_dim=64,hidden_dim=16,lr_d=0.0013,lr_g=0.0002,n_disc_steps=3,num_heads=2,num_layers=3",0.00024567436778024504,0.0012628855970511393,32,16,64,3,0.5,2,False,3,0.007045633263959253,rmsprop,25
61475_00058,0.6942534446716309,1724180114,,True,5,2024-08-20_14-55-14,74.43052983283997,379.6285603046417,639501,WUSSYRD230001,172.27.161.222,379.6285603046417,5,"58_batch_size=32,bidirectional=False,clip_value=0.0018,dropout_prob=0.5000,embedding_dim=32,hidden_dim=128,lr_d=0.0068,lr_g=0.0006,n_disc_steps=3,num_heads=8,num_layers=3",0.0005976928494549393,0.006751750040227079,32,128,32,3,0.5,8,False,3,0.001805258884499291,rmsprop,25
61475_00059,0.6932106614112854,1724180260,,True,5,2024-08-20_14-57-40,42.77389073371887,218.62203073501587,641655,WUSSYRD230001,172.27.161.222,218.62203073501587,5,"59_batch_size=128,bidirectional=False,clip_value=0.0086,dropout_prob=0.2500,embedding_dim=64,hidden_dim=16,lr_d=0.0002,lr_g=0.0012,n_disc_steps=3,num_heads=8,num_layers=2",0.0011726145136594403,0.0002494997050780254,128,16,64,2,0.25,8,False,3,0.008574597779539563,rmsprop,25
61475_00060,0.6928688287734985,1724181606,,True,25,2024-08-20_15-20-06,60.59855914115906,1488.4909489154816,642456,WUSSYRD230001,172.27.161.222,1488.4909489154816,25,"60_batch_size=128,bidirectional=False,clip_value=0.0011,dropout_prob=0.5000,embedding_dim=32,hidden_dim=32,lr_d=0.0009,lr_g=0.0000,n_disc_steps=5,num_heads=8,num_layers=3",2.7996982374251042e-05,0.0008801755352852121,128,32,32,3,0.5,8,False,5,0.0010873334179816432,rmsprop,25
61475_00061,0.7643499374389648,1724180944,,True,5,2024-08-20_15-09-04,135.3074803352356,680.5799849033356,643733,WUSSYRD230001,172.27.161.222,680.5799849033356,5,"61_batch_size=32,bidirectional=False,clip_value=0.0079,dropout_prob=0.5000,embedding_dim=64,hidden_dim=128,lr_d=0.0057,lr_g=0.0028,n_disc_steps=5,num_heads=8,num_layers=3",0.0027806309206489977,0.00567764739862238,32,128,64,3,0.5,8,False,5,0.007934185925575665,rmsprop,25
61475_00062,0.6931605935096741,1724181542,,True,10,2024-08-20_15-19-02,58.74245619773865,595.7323091030121,648328,WUSSYRD230001,172.27.161.222,595.7323091030121,10,"62_batch_size=64,bidirectional=True,clip_value=0.0042,dropout_prob=0.5000,embedding_dim=64,hidden_dim=32,lr_d=0.0001,lr_g=0.0004,n_disc_steps=3,num_heads=8,num_layers=2",0.0003546878393908008,5.383977025048433e-05,64,32,64,2,0.5,8,True,3,0.0041562592428394,rmsprop,25
61475_00063,0.6941333413124084,1724181684,,True,5,2024-08-20_15-21-24,26.753804683685303,138.2532823085785,652490,WUSSYRD230001,172.27.161.222,138.2532823085785,5,"63_batch_size=64,bidirectional=False,clip_value=0.0019,dropout_prob=0.5000,embedding_dim=64,hidden_dim=64,lr_d=0.0052,lr_g=0.0002,n_disc_steps=1,num_heads=8,num_layers=2",0.0001762383338150905,0.005201485577363914,64,64,64,2,0.5,8,False,1,0.0019492309807153166,rmsprop,25
61475_00064,0.6931531429290771,1724183415,,True,20,2024-08-20_15-50-15,88.72710943222046,1806.3789501190186,653236,WUSSYRD230001,172.27.161.222,1806.3789501190186,20,"64_batch_size=64,bidirectional=False,clip_value=0.0022,dropout_prob=0.2500,embedding_dim=32,hidden_dim=128,lr_d=0.0000,lr_g=0.0007,n_disc_steps=5,num_heads=4,num_layers=3",0.0006751798806842239,2.3277335303782848e-05,64,128,32,3,0.25,4,False,5,0.002222201831398263,rmsprop,25
61475_00065,0.6931318044662476,1724183222,,True,25,2024-08-20_15-47-02,61.2606520652771,1535.4684309959412,654037,WUSSYRD230001,172.27.161.222,1535.4684309959412,25,"65_batch_size=128,bidirectional=False,clip_value=0.0045,dropout_prob=0.5000,embedding_dim=16,hidden_dim=16,lr_d=0.0001,lr_g=0.0000,n_disc_steps=5,num_heads=4,num_layers=3",3.824801593253983e-05,6.438824028403146e-05,128,16,16,3,0.5,4,False,5,0.004501789993094335,rmsprop,25
61475_00066,0.6960260272026062,1724183410,,True,5,2024-08-20_15-50-10,35.909780502319336,184.41101026535034,663945,WUSSYRD230001,172.27.161.222,184.41101026535034,5,"66_batch_size=32,bidirectional=False,clip_value=0.0083,dropout_prob=0.2500,embedding_dim=64,hidden_dim=16,lr_d=0.0101,lr_g=0.0001,n_disc_steps=1,num_heads=4,num_layers=3",0.00010665846473131765,0.010050974719143567,32,16,64,3,0.25,4,False,1,0.008302971246362121,rmsprop,25
61475_00067,0.6931555867195129,1724183820,,True,20,2024-08-20_15-57-00,19.980018377304077,408.1691963672638,665491,WUSSYRD230001,172.27.161.222,408.1691963672638,20,"67_batch_size=128,bidirectional=True,clip_value=0.0011,dropout_prob=0.5000,embedding_dim=32,hidden_dim=64,lr_d=0.0000,lr_g=0.0009,n_disc_steps=1,num_heads=8,num_layers=3",0.0008813519380184088,3.948815696523284e-05,128,64,32,3,0.5,8,True,1,0.001105379013869922,rmsprop,25
61475_00068,0.6938110589981079,1724183720,,True,5,2024-08-20_15-55-20,59.65982103347778,301.59711170196533,665823,WUSSYRD230001,172.27.161.222,301.59711170196533,5,"68_batch_size=128,bidirectional=False,clip_value=0.0019,dropout_prob=0.2500,embedding_dim=16,hidden_dim=16,lr_d=0.0026,lr_g=0.0017,n_disc_steps=5,num_heads=4,num_layers=2",0.0016625098109407678,0.0026036161023962655,128,16,16,2,0.25,4,False,5,0.0018776318237894848,rmsprop,25
61475_00069,0.6932204365730286,1724184523,,True,10,2024-08-20_16-08-43,79.17448568344116,799.8816440105438,668360,WUSSYRD230001,172.27.161.222,799.8816440105438,10,"69_batch_size=64,bidirectional=True,clip_value=0.0021,dropout_prob=0.5000,embedding_dim=32,hidden_dim=16,lr_d=0.0003,lr_g=0.0004,n_disc_steps=5,num_heads=4,num_layers=2",0.00042226080508005274,0.0002932783978793786,64,16,32,2,0.5,4,True,5,0.002115222649864848,rmsprop,25
61475_00070,0.6931376457214355,1724184531,,True,20,2024-08-20_16-08-51,35.01611351966858,708.2032430171967,669363,WUSSYRD230001,172.27.161.222,708.2032430171967,20,"70_batch_size=32,bidirectional=False,clip_value=0.0024,dropout_prob=0.5000,embedding_dim=32,hidden_dim=64,lr_d=0.0000,lr_g=0.0056,n_disc_steps=1,num_heads=2,num_layers=3",0.005550797213414658,3.931777119231739e-05,32,64,32,3,0.5,2,False,1,0.0023902350607039905,rmsprop,25
61475_00071,0.693307638168335,1724184780,,True,5,2024-08-20_16-13-00,28.48444628715515,253.6261236667633,674505,WUSSYRD230001,172.27.161.222,253.6261236667633,5,"71_batch_size=32,bidirectional=False,clip_value=0.0034,dropout_prob=0.2500,embedding_dim=32,hidden_dim=16,lr_d=0.0011,lr_g=0.0012,n_disc_steps=3,num_heads=8,num_layers=2",0.0011631895962373932,0.0010824090467205815,32,16,32,2,0.25,8,False,3,0.003395378990299228,rmsprop,25
61475_00072,0.6933225989341736,1724185009,,True,10,2024-08-20_16-16-49,36.79002332687378,474.76557993888855,674855,WUSSYRD230001,172.27.161.222,474.76557993888855,10,"72_batch_size=64,bidirectional=False,clip_value=0.0016,dropout_prob=0.5000,embedding_dim=16,hidden_dim=32,lr_d=0.0013,lr_g=0.0004,n_disc_steps=5,num_heads=2,num_layers=2",0.00036397485327218585,0.0012525714606512646,64,32,16,2,0.5,2,False,5,0.0016121549474966967,rmsprop,25
61475_00073,0.6940448880195618,1724185248,,True,10,2024-08-20_16-20-48,45.999056339263916,464.55215072631836,676457,WUSSYRD230001,172.27.161.222,464.55215072631836,10,"73_batch_size=64,bidirectional=False,clip_value=0.0037,dropout_prob=0.5000,embedding_dim=64,hidden_dim=128,lr_d=0.0072,lr_g=0.0005,n_disc_steps=5,num_heads=4,num_layers=2",0.0004955826328804479,0.007175091375143271,64,128,64,2,0.5,4,False,5,0.003655313998967862,rmsprop,25
61475_00074,0.6937559843063354,1724185132,,True,10,2024-08-20_16-18-52,11.708971738815308,119.32093238830566,677161,WUSSYRD230001,172.27.161.222,119.32093238830566,10,"74_batch_size=128,bidirectional=True,clip_value=0.0032,dropout_prob=0.5000,embedding_dim=32,hidden_dim=32,lr_d=0.0021,lr_g=0.0000,n_disc_steps=1,num_heads=2,num_layers=3",2.7590641679390113e-05,0.0021401517407583074,128,32,32,3,0.5,2,True,1,0.0032049814056996236,rmsprop,25
61475_00075,0.693133533000946,1724185530,,True,25,2024-08-20_16-25-30,15.706347227096558,395.74207854270935,677908,WUSSYRD230001,172.27.161.222,395.74207854270935,25,"75_batch_size=32,bidirectional=True,clip_value=0.0012,dropout_prob=0.5000,embedding_dim=64,hidden_dim=16,lr_d=0.0001,lr_g=0.0011,n_disc_steps=1,num_heads=4,num_layers=2",0.0011021982117997056,5.906144945030735e-05,32,16,64,2,0.5,4,True,1,0.0011731129224152178,rmsprop,25
61475_00076,0.6931542158126831,1724185373,,True,5,2024-08-20_16-22-53,23.93166208267212,121.65074920654297,678549,WUSSYRD230001,172.27.161.222,121.65074920654297,5,"76_batch_size=128,bidirectional=False,clip_value=0.0013,dropout_prob=0.5000,embedding_dim=64,hidden_dim=64,lr_d=0.0000,lr_g=0.0126,n_disc_steps=3,num_heads=8,num_layers=3",0.012625371702879147,2.5243181548115797e-05,128,64,64,3,0.5,8,False,3,0.0012669971109243732,rmsprop,25
61475_00077,0.6930761933326721,1724186042,,True,25,2024-08-20_16-34-02,26.476585388183594,665.3920586109161,679296,WUSSYRD230001,172.27.161.222,665.3920586109161,25,"77_batch_size=128,bidirectional=True,clip_value=0.0024,dropout_prob=0.2500,embedding_dim=32,hidden_dim=64,lr_d=0.0003,lr_g=0.0025,n_disc_steps=3,num_heads=2,num_layers=2",0.0025394827733169444,0.0002949073176951502,128,64,32,2,0.25,2,True,3,0.002422474179529836,rmsprop,25
61475_00078,0.693153440952301,1724185673,,True,5,2024-08-20_16-27-53,27.434077978134155,139.55090641975403,680121,WUSSYRD230001,172.27.161.222,139.55090641975403,5,"78_batch_size=64,bidirectional=True,clip_value=0.0017,dropout_prob=0.2500,embedding_dim=64,hidden_dim=32,lr_d=0.0000,lr_g=0.0000,n_disc_steps=3,num_heads=2,num_layers=3",2.4016668927235562e-05,2.4828661018251793e-05,64,32,64,3,0.25,2,True,3,0.0017001845931413188,rmsprop,25
61475_00079,0.6932053565979004,1724185928,,True,5,2024-08-20_16-32-08,49.75518083572388,251.21908378601074,680802,WUSSYRD230001,172.27.161.222,251.21908378601074,5,"79_batch_size=32,bidirectional=False,clip_value=0.0011,dropout_prob=0.2500,embedding_dim=16,hidden_dim=128,lr_d=0.0002,lr_g=0.0001,n_disc_steps=5,num_heads=8,num_layers=2",0.00010497157280161823,0.00023242826292154537,32,128,16,2,0.25,8,False,5,0.0010886083451129216,rmsprop,25
61475_00080,0.6933083534240723,1724186248,,True,20,2024-08-20_16-37-28,15.712347745895386,317.4289879798889,681615,WUSSYRD230001,172.27.161.222,317.4289879798889,20,"80_batch_size=32,bidirectional=False,clip_value=0.0040,dropout_prob=0.5000,embedding_dim=16,hidden_dim=128,lr_d=0.0047,lr_g=0.0001,n_disc_steps=1,num_heads=2,num_layers=2",5.874175491886599e-05,0.004720357927749657,32,128,16,2,0.5,2,False,1,0.003987180323630138,rmsprop,25
61475_00081,0.6932754516601562,1724186187,,True,5,2024-08-20_16-36-27,27.925514459609985,141.45564436912537,682324,WUSSYRD230001,172.27.161.222,141.45564436912537,5,"81_batch_size=32,bidirectional=False,clip_value=0.0039,dropout_prob=0.5000,embedding_dim=32,hidden_dim=16,lr_d=0.0005,lr_g=0.0088,n_disc_steps=3,num_heads=4,num_layers=2",0.008773726909452606,0.0005023513296241347,32,16,32,2,0.5,4,False,3,0.0038722854863164104,rmsprop,25
61475_00082,0.6937119960784912,1724187173,,True,20,2024-08-20_16-52-53,48.95648455619812,982.9995687007904,683108,WUSSYRD230001,172.27.161.222,982.9995687007904,20,"82_batch_size=32,bidirectional=False,clip_value=0.0010,dropout_prob=0.5000,embedding_dim=16,hidden_dim=128,lr_d=0.0018,lr_g=0.0000,n_disc_steps=5,num_heads=8,num_layers=3",4.086862854349698e-05,0.0018418498928839042,32,128,16,3,0.5,8,False,5,0.0010072377759511254,rmsprop,25
61475_00083,0.6931329369544983,1724186522,,True,25,2024-08-20_16-42-02,10.713122844696045,270.2356593608856,683568,WUSSYRD230001,172.27.161.222,270.2356593608856,25,"83_batch_size=128,bidirectional=False,clip_value=0.0016,dropout_prob=0.2500,embedding_dim=32,hidden_dim=16,lr_d=0.0001,lr_g=0.0062,n_disc_steps=1,num_heads=8,num_layers=3",0.006235551011555991,6.190503281612026e-05,128,16,32,3,0.25,8,False,1,0.0016201274050288816,rmsprop,25
61475_00084,0.692160964012146,1724186910,,True,25,2024-08-20_16-48-30,15.2888822555542,384.8850212097168,684927,WUSSYRD230001,172.27.161.222,384.8850212097168,25,"84_batch_size=32,bidirectional=False,clip_value=0.0024,dropout_prob=0.2500,embedding_dim=32,hidden_dim=64,lr_d=0.0095,lr_g=0.0000,n_disc_steps=1,num_heads=4,num_layers=3",3.787377840347463e-05,0.009537729761890852,32,64,32,3,0.25,4,False,1,0.002367352879194843,rmsprop,25
61475_00085,0.6937576532363892,1724187023,,True,5,2024-08-20_16-50-23,21.669681072235107,110.43914842605591,686384,WUSSYRD230001,172.27.161.222,110.43914842605591,5,"85_batch_size=64,bidirectional=True,clip_value=0.0024,dropout_prob=0.2500,embedding_dim=16,hidden_dim=128,lr_d=0.0025,lr_g=0.0001,n_disc_steps=1,num_heads=2,num_layers=3",5.4095168743210766e-05,0.0025142500782211444,64,128,16,3,0.25,2,True,1,0.0023601581176921887,rmsprop,25
61475_00086,0.6931571960449219,1724187315,,True,5,2024-08-20_16-55-15,57.27941012382507,289.7312409877777,686917,WUSSYRD230001,172.27.161.222,289.7312409877777,5,"86_batch_size=32,bidirectional=False,clip_value=0.0017,dropout_prob=0.5000,embedding_dim=64,hidden_dim=128,lr_d=0.0000,lr_g=0.0071,n_disc_steps=5,num_heads=2,num_layers=3",0.00706041331705621,4.0163831038518974e-05,32,128,64,3,0.5,2,False,5,0.0016836485070302694,rmsprop,25
61475_00087,0.6933343410491943,1724187345,,True,5,2024-08-20_16-55-45,33.772727727890015,169.31897854804993,687420,WUSSYRD230001,172.27.161.222,169.31897854804993,5,"87_batch_size=128,bidirectional=True,clip_value=0.0037,dropout_prob=0.2500,embedding_dim=32,hidden_dim=16,lr_d=0.0019,lr_g=0.0030,n_disc_steps=5,num_heads=2,num_layers=3",0.0030458404675897423,0.001885086667657225,128,16,32,3,0.25,2,True,5,0.003712585536618647,rmsprop,25
61475_00088,0.6946748495101929,1724187400,,True,5,2024-08-20_16-56-40,15.648188829421997,80.91482400894165,687951,WUSSYRD230001,172.27.161.222,80.91482400894165,5,"88_batch_size=32,bidirectional=False,clip_value=0.0028,dropout_prob=0.2500,embedding_dim=64,hidden_dim=32,lr_d=0.0085,lr_g=0.0015,n_disc_steps=1,num_heads=2,num_layers=2",0.0014934058728057382,0.008510098143876037,32,32,64,2,0.25,2,False,1,0.0028034405789784827,rmsprop,25
61475_00089,0.6935209631919861,1724187606,,True,5,2024-08-20_17-00-06,50.89509391784668,257.83543372154236,688295,WUSSYRD230001,172.27.161.222,257.83543372154236,5,"89_batch_size=32,bidirectional=False,clip_value=0.0011,dropout_prob=0.5000,embedding_dim=32,hidden_dim=128,lr_d=0.0013,lr_g=0.0100,n_disc_steps=5,num_heads=4,num_layers=3",0.009954011251469368,0.001265291685468424,32,128,32,3,0.5,4,False,5,0.0011167904139301374,rmsprop,25
61475_00090,0.6931979656219482,1724187513,,True,5,2024-08-20_16-58-33,21.675999641418457,110.33073019981384,688708,WUSSYRD230001,172.27.161.222,110.33073019981384,5,"90_batch_size=128,bidirectional=False,clip_value=0.0013,dropout_prob=0.5000,embedding_dim=16,hidden_dim=16,lr_d=0.0002,lr_g=0.0001,n_disc_steps=3,num_heads=8,num_layers=3",8.638474437784787e-05,0.00021609538543372083,128,16,16,3,0.5,8,False,3,0.0012853840627242948,rmsprop,25
61475_00091,0.6932709813117981,1724187692,,True,5,2024-08-20_17-01-32,34.860924243927,176.42624592781067,689270,WUSSYRD230001,172.27.161.222,176.42624592781067,5,"91_batch_size=128,bidirectional=False,clip_value=0.0030,dropout_prob=0.2500,embedding_dim=64,hidden_dim=32,lr_d=0.0009,lr_g=0.0002,n_disc_steps=5,num_heads=2,num_layers=3",0.00020778890537863595,0.000914448363652412,128,32,64,3,0.25,2,False,5,0.0029669868006611745,rmsprop,25
61475_00092,0.6944000124931335,1724187739,,True,5,2024-08-20_17-02-19,25.623032808303833,130.08131170272827,689694,WUSSYRD230001,172.27.161.222,130.08131170272827,5,"92_batch_size=64,bidirectional=False,clip_value=0.0078,dropout_prob=0.5000,embedding_dim=32,hidden_dim=64,lr_d=0.0103,lr_g=0.0137,n_disc_steps=3,num_heads=2,num_layers=2",0.01371020900787883,0.010347385477736061,64,64,32,2,0.5,2,False,3,0.007843294867727337,rmsprop,25
61475_00093,0.6931114196777344,1724188434,,True,25,2024-08-20_17-13-54,28.702873468399048,739.0925796031952,690186,WUSSYRD230001,172.27.161.222,739.0925796031952,25,"93_batch_size=32,bidirectional=True,clip_value=0.0063,dropout_prob=0.5000,embedding_dim=16,hidden_dim=16,lr_d=0.0001,lr_g=0.0003,n_disc_steps=3,num_heads=2,num_layers=2",0.0002685159046451458,0.00014839796417318604,32,16,16,2,0.5,2,True,3,0.006308984103912636,rmsprop,25
61475_00094,0.6931471824645996,1724188332,,True,20,2024-08-20_17-12-12,28.303731441497803,590.2481412887573,690566,WUSSYRD230001,172.27.161.222,590.2481412887573,20,"94_batch_size=32,bidirectional=False,clip_value=0.0096,dropout_prob=0.2500,embedding_dim=16,hidden_dim=32,lr_d=0.0014,lr_g=0.0088,n_disc_steps=3,num_heads=8,num_layers=2",0.008771911088225535,0.0014412692569494329,32,32,16,2,0.25,8,False,3,0.009584915759051578,rmsprop,25
61475_00095,0.6931471824645996,1724189383,,True,20,2024-08-20_17-29-43,51.95303463935852,1047.6095037460327,692290,WUSSYRD230001,172.27.161.222,1047.6095037460327,20,"95_batch_size=32,bidirectional=True,clip_value=0.0051,dropout_prob=0.2500,embedding_dim=32,hidden_dim=64,lr_d=0.0020,lr_g=0.0004,n_disc_steps=5,num_heads=8,num_layers=3",0.00041699337230337156,0.0019605759700097405,32,64,32,3,0.25,8,True,5,0.005102905321016607,rmsprop,25
61475_00096,0.6928965449333191,1724189183,,True,25,2024-08-20_17-26-23,30.18301796913147,745.7377412319183,692748,WUSSYRD230001,172.27.161.222,745.7377412319183,25,"96_batch_size=32,bidirectional=False,clip_value=0.0091,dropout_prob=0.5000,embedding_dim=32,hidden_dim=16,lr_d=0.0009,lr_g=0.0039,n_disc_steps=3,num_heads=8,num_layers=2",0.003928591637843536,0.0008767101303710543,32,16,32,2,0.5,8,False,3,0.009147712769373515,rmsprop,25
61475_00097,0.6940930485725403,1724189263,,True,5,2024-08-20_17-27-43,14.967305183410645,76.89123153686523,694511,WUSSYRD230001,172.27.161.222,76.89123153686523,5,"97_batch_size=64,bidirectional=False,clip_value=0.0019,dropout_prob=0.2500,embedding_dim=32,hidden_dim=128,lr_d=0.0066,lr_g=0.0000,n_disc_steps=1,num_heads=4,num_layers=2",2.588154540168961e-05,0.006645064270445478,64,128,32,2,0.25,4,False,1,0.0018735233248402862,rmsprop,25
61475_00098,0.6937150955200195,1724190242,,True,20,2024-08-20_17-44-02,48.73602056503296,975.3837323188782,695008,WUSSYRD230001,172.27.161.222,975.3837323188782,20,"98_batch_size=32,bidirectional=True,clip_value=0.0090,dropout_prob=0.5000,embedding_dim=32,hidden_dim=32,lr_d=0.0078,lr_g=0.0083,n_disc_steps=5,num_heads=8,num_layers=3",0.008336003215522587,0.007778918113581056,32,32,32,3,0.5,8,True,5,0.009017747082528981,rmsprop,25
61475_00099,0.6952239274978638,1724189601,,True,5,2024-08-20_17-33-21,42.58711123466492,214.44695377349854,695483,WUSSYRD230001,172.27.161.222,214.44695377349854,5,"99_batch_size=64,bidirectional=True,clip_value=0.0034,dropout_prob=0.5000,embedding_dim=16,hidden_dim=128,lr_d=0.0058,lr_g=0.0016,n_disc_steps=3,num_heads=4,num_layers=3",0.0016012698263341417,0.005789666228327389,64,128,16,3,0.5,4,True,3,0.0034442584144952744,rmsprop,25
61475_00100,0.6926149129867554,1724190015,,True,25,2024-08-20_17-40-15,16.426511764526367,411.75380063056946,696139,WUSSYRD230001,172.27.161.222,411.75380063056946,25,"100_batch_size=32,bidirectional=False,clip_value=0.0013,dropout_prob=0.2500,embedding_dim=64,hidden_dim=128,lr_d=0.0145,lr_g=0.0007,n_disc_steps=1,num_heads=2,num_layers=2",0.0006970531543569844,0.01445887988838637,32,128,64,2,0.25,2,False,1,0.001327027834761802,rmsprop,25
61475_00101,0.6942102313041687,1724190173,,True,5,2024-08-20_17-42-53,30.68227982521057,154.81973385810852,697640,WUSSYRD230001,172.27.161.222,154.81973385810852,5,"101_batch_size=32,bidirectional=True,clip_value=0.0023,dropout_prob=0.2500,embedding_dim=16,hidden_dim=32,lr_d=0.0083,lr_g=0.0130,n_disc_steps=3,num_heads=2,num_layers=3",0.013034649583239457,0.00833688039663513,32,32,16,3,0.25,2,True,3,0.0022937126786463004,rmsprop,25
61475_00102,0.6931583881378174,1724190245,,True,5,2024-08-20_17-44-05,13.423579692840576,68.5105631351471,698206,WUSSYRD230001,172.27.161.222,68.5105631351471,5,"102_batch_size=128,bidirectional=False,clip_value=0.0053,dropout_prob=0.2500,embedding_dim=16,hidden_dim=128,lr_d=0.0005,lr_g=0.0003,n_disc_steps=1,num_heads=4,num_layers=2",0.0003382897221911657,0.00046913876319401793,128,128,16,2,0.25,4,False,1,0.005264921734335237,rmsprop,25
61475_00103,0.694989800453186,1724190402,,True,10,2024-08-20_17-46-42,15.28727674484253,157.16976022720337,698695,WUSSYRD230001,172.27.161.222,157.16976022720337,10,"103_batch_size=32,bidirectional=False,clip_value=0.0063,dropout_prob=0.5000,embedding_dim=32,hidden_dim=64,lr_d=0.0110,lr_g=0.0008,n_disc_steps=1,num_heads=4,num_layers=3",0.0007891836303539481,0.010968368211322221,32,64,32,3,0.5,4,False,1,0.006349790346521125,rmsprop,25
61475_00104,0.693242609500885,1724190363,,True,5,2024-08-20_17-46-03,22.46366024017334,114.63992762565613,698760,WUSSYRD230001,172.27.161.222,114.63992762565613,5,"104_batch_size=128,bidirectional=False,clip_value=0.0016,dropout_prob=0.5000,embedding_dim=64,hidden_dim=16,lr_d=0.0004,lr_g=0.0190,n_disc_steps=3,num_heads=8,num_layers=2",0.018997530647253322,0.0003992552941057947,128,16,64,2,0.5,8,False,3,0.001593653133976611,rmsprop,25
61475_00105,0.6921040415763855,1724191209,,True,25,2024-08-20_18-00-09,33.56280970573425,842.7587659358978,699736,WUSSYRD230001,172.27.161.222,842.7587659358978,25,"105_batch_size=128,bidirectional=False,clip_value=0.0021,dropout_prob=0.5000,embedding_dim=64,hidden_dim=16,lr_d=0.0114,lr_g=0.0161,n_disc_steps=5,num_heads=8,num_layers=2",0.01609146887488122,0.011356114079815556,128,16,64,2,0.5,8,False,5,0.002087559033096716,rmsprop,25
61475_00106,0.6931527853012085,1724190663,,True,5,2024-08-20_17-51-03,51.155285120010376,259.05809354782104,700114,WUSSYRD230001,172.27.161.222,259.05809354782104,5,"106_batch_size=64,bidirectional=False,clip_value=0.0013,dropout_prob=0.5000,embedding_dim=64,hidden_dim=128,lr_d=0.0000,lr_g=0.0000,n_disc_steps=5,num_heads=8,num_layers=3",3.2982951569865124e-05,2.4428096450346974e-05,64,128,64,3,0.5,8,False,5,0.0012865603736490986,rmsprop,25
61475_00107,0.6931712627410889,1724190725,,True,5,2024-08-20_17-52-05,10.977962732315063,58.26941919326782,700983,WUSSYRD230001,172.27.161.222,58.26941919326782,5,"107_batch_size=128,bidirectional=False,clip_value=0.0029,dropout_prob=0.2500,embedding_dim=32,hidden_dim=32,lr_d=0.0001,lr_g=0.0000,n_disc_steps=1,num_heads=4,num_layers=2",3.616834438663712e-05,0.000125001749729099,128,32,32,2,0.25,4,False,1,0.0028693610258968736,rmsprop,25
61475_00108,0.6930795311927795,1724191625,,True,25,2024-08-20_18-07-05,35.84351372718811,896.7847306728363,701512,WUSSYRD230001,172.27.161.222,896.7847306728363,25,"108_batch_size=128,bidirectional=True,clip_value=0.0015,dropout_prob=0.5000,embedding_dim=32,hidden_dim=32,lr_d=0.0003,lr_g=0.0003,n_disc_steps=5,num_heads=2,num_layers=2",0.00028850069279442384,0.00028170140289864883,128,32,32,2,0.5,2,True,5,0.0015142920913638958,rmsprop,25
61475_00109,0.6931607723236084,1724191369,,True,5,2024-08-20_18-02-49,30.737553358078003,156.03432202339172,702858,WUSSYRD230001,172.27.161.222,156.03432202339172,5,"109_batch_size=64,bidirectional=True,clip_value=0.0044,dropout_prob=0.5000,embedding_dim=64,hidden_dim=64,lr_d=0.0001,lr_g=0.0000,n_disc_steps=3,num_heads=2,num_layers=3",2.085047590793381e-05,5.565384864733222e-05,64,64,64,3,0.5,2,True,3,0.004412416608142504,rmsprop,25
61475_00110,0.693191409111023,1724191661,,True,10,2024-08-20_18-07-41,28.663867235183716,289.4691696166992,703459,WUSSYRD230001,172.27.161.222,289.4691696166992,10,"110_batch_size=64,bidirectional=False,clip_value=0.0042,dropout_prob=0.5000,embedding_dim=16,hidden_dim=128,lr_d=0.0002,lr_g=0.0000,n_disc_steps=3,num_heads=2,num_layers=2",2.2323032275170705e-05,0.00017996721019115407,64,128,16,2,0.5,2,False,3,0.004241407401841831,rmsprop,25
61475_00111,0.6937450766563416,1724191748,,True,5,2024-08-20_18-09-08,23.69767117500305,120.06417274475098,704353,WUSSYRD230001,172.27.161.222,120.06417274475098,5,"111_batch_size=128,bidirectional=True,clip_value=0.0012,dropout_prob=0.5000,embedding_dim=16,hidden_dim=32,lr_d=0.0026,lr_g=0.0015,n_disc_steps=3,num_heads=4,num_layers=3",0.0015119362686776801,0.0026497353136463995,128,32,16,3,0.5,4,True,3,0.0011879020373976937,rmsprop,25
61475_00112,0.6956236958503723,1724191883,,True,5,2024-08-20_18-11-23,43.198894739151,218.18377661705017,704743,WUSSYRD230001,172.27.161.222,218.18377661705017,5,"112_batch_size=64,bidirectional=True,clip_value=0.0044,dropout_prob=0.2500,embedding_dim=64,hidden_dim=128,lr_d=0.0046,lr_g=0.0000,n_disc_steps=3,num_heads=4,num_layers=2",3.7951359076512586e-05,0.004623085818572012,64,128,64,2,0.25,4,True,3,0.004412437635942631,rmsprop,25
61475_00113,0.6931408643722534,1724192058,,True,20,2024-08-20_18-14-18,15.042341709136963,306.94791173934937,705203,WUSSYRD230001,172.27.161.222,306.94791173934937,20,"113_batch_size=64,bidirectional=True,clip_value=0.0019,dropout_prob=0.2500,embedding_dim=32,hidden_dim=64,lr_d=0.0000,lr_g=0.0008,n_disc_steps=1,num_heads=2,num_layers=3",0.0007922827724092173,2.898747042765298e-05,64,64,32,3,0.25,2,True,1,0.0019358333331778639,rmsprop,25
61475_00114,0.6931982636451721,1724192104,,True,5,2024-08-20_18-15-04,43.29858088493347,217.7732150554657,705928,WUSSYRD230001,172.27.161.222,217.7732150554657,5,"114_batch_size=64,bidirectional=False,clip_value=0.0033,dropout_prob=0.5000,embedding_dim=64,hidden_dim=64,lr_d=0.0004,lr_g=0.0016,n_disc_steps=5,num_heads=2,num_layers=3",0.0015555096096443344,0.0004411409607813108,64,64,64,3,0.5,2,False,5,0.00331852999543006,rmsprop,25
61475_00115,0.6931934952735901,1724192176,,True,5,2024-08-20_18-16-16,22.43079137802124,115.4337956905365,706757,WUSSYRD230001,172.27.161.222,115.4337956905365,5,"115_batch_size=128,bidirectional=False,clip_value=0.0046,dropout_prob=0.2500,embedding_dim=32,hidden_dim=32,lr_d=0.0038,lr_g=0.0022,n_disc_steps=3,num_heads=2,num_layers=3",0.0022148121802276466,0.003753017494788035,128,32,32,3,0.25,2,False,3,0.004588662401489597,rmsprop,25
61475_00116,0.6931473612785339,1724192184,,True,5,2024-08-20_18-16-24,15.042359113693237,76.76868915557861,707141,WUSSYRD230001,172.27.161.222,76.76868915557861,5,"116_batch_size=64,bidirectional=True,clip_value=0.0056,dropout_prob=0.2500,embedding_dim=64,hidden_dim=64,lr_d=0.0000,lr_g=0.0014,n_disc_steps=1,num_heads=4,num_layers=3",0.001370310931242604,3.9221896463641834e-05,64,64,64,3,0.25,4,True,1,0.005615090830258956,rmsprop,25
61475_00117,0.693164587020874,1724192330,,True,5,2024-08-20_18-18-50,29.52194118499756,149.9497230052948,707705,WUSSYRD230001,172.27.161.222,149.9497230052948,5,"117_batch_size=32,bidirectional=True,clip_value=0.0069,dropout_prob=0.5000,embedding_dim=16,hidden_dim=16,lr_d=0.0001,lr_g=0.0000,n_disc_steps=3,num_heads=8,num_layers=2",3.2383166018383785e-05,6.743724733858059e-05,32,16,16,2,0.5,8,True,3,0.0069113244857270115,rmsprop,25
61475_00118,0.6910346150398254,1724192463,,True,25,2024-08-20_18-21-03,10.90667724609375,276.0285265445709,708013,WUSSYRD230001,172.27.161.222,276.0285265445709,25,"118_batch_size=128,bidirectional=False,clip_value=0.0038,dropout_prob=0.2500,embedding_dim=64,hidden_dim=32,lr_d=0.0079,lr_g=0.0030,n_disc_steps=1,num_heads=2,num_layers=3",0.003032583795994123,0.00787569496255353,128,32,64,3,0.25,2,False,1,0.0038288943264345805,rmsprop,25
61475_00119,0.693159282207489,1724192499,,True,10,2024-08-20_18-21-39,16.37071466445923,166.0388286113739,708902,WUSSYRD230001,172.27.161.222,166.0388286113739,10,"119_batch_size=32,bidirectional=False,clip_value=0.0096,dropout_prob=0.5000,embedding_dim=32,hidden_dim=128,lr_d=0.0001,lr_g=0.0001,n_disc_steps=1,num_heads=4,num_layers=3",0.00012120138846391409,8.022714358011815e-05,32,128,32,3,0.5,4,False,1,0.009631112600686564,rmsprop,25
61475_00120,0.6932305097579956,1724192633,,True,5,2024-08-20_18-23-53,32.69882154464722,166.8421494960785,709891,WUSSYRD230001,172.27.161.222,166.8421494960785,5,"120_batch_size=32,bidirectional=True,clip_value=0.0062,dropout_prob=0.5000,embedding_dim=64,hidden_dim=16,lr_d=0.0003,lr_g=0.0031,n_disc_steps=3,num_heads=8,num_layers=3",0.0031166851267940263,0.0003312330748439384,32,16,64,3,0.5,8,True,3,0.006171668952475217,rmsprop,25
61475_00121,0.6940166354179382,1724192586,,True,5,2024-08-20_18-23-06,16.317163228988647,83.85526895523071,710278,WUSSYRD230001,172.27.161.222,83.85526895523071,5,"121_batch_size=32,bidirectional=False,clip_value=0.0045,dropout_prob=0.5000,embedding_dim=32,hidden_dim=128,lr_d=0.0015,lr_g=0.0014,n_disc_steps=1,num_heads=4,num_layers=3",0.0013955209643607125,0.0015098539617434757,32,128,32,3,0.5,4,False,1,0.004494017550761353,rmsprop,25
61475_00122,0.6937708854675293,1724193070,,True,10,2024-08-20_18-31-10,48.05437779426575,481.55124258995056,710844,WUSSYRD230001,172.27.161.222,481.55124258995056,10,"122_batch_size=32,bidirectional=True,clip_value=0.0073,dropout_prob=0.2500,embedding_dim=16,hidden_dim=128,lr_d=0.0020,lr_g=0.0004,n_disc_steps=3,num_heads=8,num_layers=3",0.00035493244687577713,0.00203600508872916,32,128,16,3,0.25,8,True,3,0.007317282120647469,rmsprop,25
61475_00123,0.6936599612236023,1724192796,,True,5,2024-08-20_18-26-36,31.48196053504944,160.27209210395813,711199,WUSSYRD230001,172.27.161.222,160.27209210395813,5,"123_batch_size=32,bidirectional=False,clip_value=0.0010,dropout_prob=0.2500,embedding_dim=64,hidden_dim=16,lr_d=0.0021,lr_g=0.0001,n_disc_steps=3,num_heads=4,num_layers=2",7.780838431894612e-05,0.0020549004099144116,32,16,64,2,0.25,4,False,3,0.0010264953937998377,rmsprop,25
61475_00124,0.6943904757499695,1724192958,,True,5,2024-08-20_18-29-18,31.30062985420227,158.81243634223938,711822,WUSSYRD230001,172.27.161.222,158.81243634223938,5,"124_batch_size=32,bidirectional=True,clip_value=0.0040,dropout_prob=0.2500,embedding_dim=32,hidden_dim=32,lr_d=0.0041,lr_g=0.0003,n_disc_steps=3,num_heads=4,num_layers=3",0.0003192971963421874,0.004078649766550415,32,32,32,3,0.25,4,True,3,0.003982765521226328,rmsprop,25
61475_00125,0.6937896609306335,1724193030,,True,5,2024-08-20_18-30-30,13.287371635437012,68.74532747268677,712401,WUSSYRD230001,172.27.161.222,68.74532747268677,5,"125_batch_size=128,bidirectional=True,clip_value=0.0037,dropout_prob=0.2500,embedding_dim=32,hidden_dim=64,lr_d=0.0034,lr_g=0.0000,n_disc_steps=1,num_heads=4,num_layers=3",4.24542871559665e-05,0.0034017220528124383,128,64,32,3,0.25,4,True,1,0.003693634008946165,rmsprop,25
61475_00126,0.6931648850440979,1724193271,,True,10,2024-08-20_18-34-31,23.558483600616455,238.35078120231628,712919,WUSSYRD230001,172.27.161.222,238.35078120231628,10,"126_batch_size=64,bidirectional=False,clip_value=0.0087,dropout_prob=0.5000,embedding_dim=16,hidden_dim=16,lr_d=0.0001,lr_g=0.0121,n_disc_steps=3,num_heads=4,num_layers=3",0.012121210137213687,7.380362892747962e-05,64,16,16,3,0.5,4,False,3,0.008658584921716053,rmsprop,25
61475_00127,0.6932475566864014,1724193195,,True,10,2024-08-20_18-33-15,12.013273239135742,121.45048546791077,713265,WUSSYRD230001,172.27.161.222,121.45048546791077,10,"127_batch_size=64,bidirectional=False,clip_value=0.0087,dropout_prob=0.5000,embedding_dim=64,hidden_dim=16,lr_d=0.0010,lr_g=0.0037,n_disc_steps=1,num_heads=2,num_layers=3",0.0037172528878095944,0.0009545140309275596,64,16,64,3,0.5,2,False,1,0.008673219492684434,rmsprop,25
61475_00128,1.0730229616165161,1724193416,,True,5,2024-08-20_18-36-56,42.718005895614624,216.71178340911865,714077,WUSSYRD230001,172.27.161.222,216.71178340911865,5,"128_batch_size=128,bidirectional=True,clip_value=0.0089,dropout_prob=0.5000,embedding_dim=64,hidden_dim=128,lr_d=0.0105,lr_g=0.0020,n_disc_steps=3,num_heads=2,num_layers=2",0.002000452436639325,0.01050627249003003,128,128,64,2,0.5,2,True,3,0.008926407561161762,rmsprop,25
61475_00129,0.6931422352790833,1724193725,,True,20,2024-08-20_18-42-05,22.28477168083191,450.2647840976715,714527,WUSSYRD230001,172.27.161.222,450.2647840976715,20,"129_batch_size=128,bidirectional=False,clip_value=0.0022,dropout_prob=0.5000,embedding_dim=32,hidden_dim=32,lr_d=0.0000,lr_g=0.0002,n_disc_steps=3,num_heads=8,num_layers=2",0.0002163554638054324,2.2095416168468835e-05,128,32,32,2,0.5,8,False,3,0.002161066679820916,rmsprop,25
61475_00130,0.6932087540626526,1724193656,,True,5,2024-08-20_18-40-56,46.19782280921936,237.17403101921082,715159,WUSSYRD230001,172.27.161.222,237.17403101921082,5,"130_batch_size=64,bidirectional=True,clip_value=0.0043,dropout_prob=0.2500,embedding_dim=32,hidden_dim=64,lr_d=0.0002,lr_g=0.0067,n_disc_steps=5,num_heads=2,num_layers=2",0.006679895647604894,0.00024839701497170327,64,64,32,2,0.25,2,True,5,0.004270597157793838,rmsprop,25
61475_00131,0.6931297183036804,1724194247,,True,25,2024-08-20_18-50-47,23.326767444610596,587.4577782154083,715977,WUSSYRD230001,172.27.161.222,587.4577782154083,25,"131_batch_size=128,bidirectional=False,clip_value=0.0075,dropout_prob=0.2500,embedding_dim=32,hidden_dim=64,lr_d=0.0001,lr_g=0.0039,n_disc_steps=3,num_heads=2,num_layers=2",0.003946564513916152,7.0677366589222e-05,128,64,32,2,0.25,2,False,3,0.007463342752451032,rmsprop,25
61475_00132,0.6930513381958008,1724194941,,True,25,2024-08-20_19-02-21,48.09730887413025,1213.2908728122711,716467,WUSSYRD230001,172.27.161.222,1213.2908728122711,25,"132_batch_size=32,bidirectional=True,clip_value=0.0026,dropout_prob=0.5000,embedding_dim=64,hidden_dim=16,lr_d=0.0003,lr_g=0.0004,n_disc_steps=5,num_heads=2,num_layers=2",0.0003532993132796437,0.00034378714295898305,32,16,64,2,0.5,2,True,5,0.0026252029275174046,rmsprop,25
61475_00133,0.6931472420692444,1724194688,,True,10,2024-08-20_18-58-08,43.275822162628174,437.42367243766785,717940,WUSSYRD230001,172.27.161.222,437.42367243766785,10,"133_batch_size=128,bidirectional=True,clip_value=0.0022,dropout_prob=0.2500,embedding_dim=64,hidden_dim=128,lr_d=0.0009,lr_g=0.0037,n_disc_steps=3,num_heads=2,num_layers=3",0.003733610402671228,0.000888343034555371,128,128,64,3,0.25,2,True,3,0.0022113759792022495,rmsprop,25
61475_00134,0.6932897567749023,1724195639,,True,25,2024-08-20_19-13-59,37.79499268531799,947.6264133453369,718925,WUSSYRD230001,172.27.161.222,947.6264133453369,25,"134_batch_size=32,bidirectional=True,clip_value=0.0049,dropout_prob=0.5000,embedding_dim=64,hidden_dim=64,lr_d=0.0030,lr_g=0.0003,n_disc_steps=3,num_heads=4,num_layers=3",0.0003265853928460741,0.0029648128722530856,32,64,64,3,0.5,4,True,3,0.004875102261587771,rmsprop,25
61475_00135,0.6933066844940186,1724195055,,True,5,2024-08-20_19-04-15,21.625898361206055,110.35851526260376,719644,WUSSYRD230001,172.27.161.222,110.35851526260376,5,"135_batch_size=128,bidirectional=False,clip_value=0.0076,dropout_prob=0.2500,embedding_dim=32,hidden_dim=32,lr_d=0.0006,lr_g=0.0001,n_disc_steps=3,num_heads=2,num_layers=3",6.762108310658533e-05,0.000623866674122845,128,32,32,3,0.25,2,False,3,0.007637135027128717,rmsprop,25
61475_00136,0.6933566927909851,1724195158,,True,5,2024-08-20_19-05-58,19.625996589660645,100.60303783416748,720206,WUSSYRD230001,172.27.161.222,100.60303783416748,5,"136_batch_size=64,bidirectional=True,clip_value=0.0099,dropout_prob=0.5000,embedding_dim=32,hidden_dim=128,lr_d=0.0070,lr_g=0.0000,n_disc_steps=1,num_heads=4,num_layers=2",4.150219236997302e-05,0.0070235971623494415,64,128,32,2,0.5,4,True,1,0.009878753753001271,rmsprop,25
61475_00137,0.6931394338607788,1724195793,,True,20,2024-08-20_19-16-33,31.40184783935547,631.3146598339081,720766,WUSSYRD230001,172.27.161.222,631.3146598339081,20,"137_batch_size=32,bidirectional=False,clip_value=0.0037,dropout_prob=0.5000,embedding_dim=64,hidden_dim=16,lr_d=0.0000,lr_g=0.0076,n_disc_steps=3,num_heads=8,num_layers=3",0.007598423925969274,3.12592849692885e-05,32,16,64,3,0.5,8,False,3,0.003713063711268433,rmsprop,25
61475_00138,0.6931524276733398,1724195714,,True,5,2024-08-20_19-15-14,13.951418161392212,71.90162205696106,722061,WUSSYRD230001,172.27.161.222,71.90162205696106,5,"138_batch_size=32,bidirectional=False,clip_value=0.0010,dropout_prob=0.5000,embedding_dim=32,hidden_dim=16,lr_d=0.0000,lr_g=0.0001,n_disc_steps=1,num_heads=2,num_layers=3",8.006084927895265e-05,2.2396516880198206e-05,32,16,32,3,0.5,2,False,1,0.0010015898855384865,rmsprop,25
61475_00139,0.6930896639823914,1724196080,,True,25,2024-08-20_19-21-20,14.391463994979858,362.00829315185547,722579,WUSSYRD230001,172.27.161.222,362.00829315185547,25,"139_batch_size=32,bidirectional=True,clip_value=0.0054,dropout_prob=0.5000,embedding_dim=32,hidden_dim=16,lr_d=0.0002,lr_g=0.0012,n_disc_steps=1,num_heads=4,num_layers=2",0.00119619062226902,0.00024108384018659324,32,16,32,2,0.5,4,True,1,0.005402248156547907,rmsprop,25
61475_00140,0.69309401512146,1724196872,,True,25,2024-08-20_19-34-32,42.94701099395752,1076.0565855503082,723137,WUSSYRD230001,172.27.161.222,1076.0565855503082,25,"140_batch_size=128,bidirectional=True,clip_value=0.0031,dropout_prob=0.2500,embedding_dim=64,hidden_dim=64,lr_d=0.0002,lr_g=0.0120,n_disc_steps=5,num_heads=8,num_layers=3",0.011995545610065099,0.000222671794961068,128,64,64,3,0.25,8,True,5,0.0031042020448488797,rmsprop,25
61475_00141,0.6931843757629395,1724196247,,True,5,2024-08-20_19-24-07,32.46021866798401,164.6537549495697,724338,WUSSYRD230001,172.27.161.222,164.6537549495697,5,"141_batch_size=32,bidirectional=False,clip_value=0.0044,dropout_prob=0.2500,embedding_dim=64,hidden_dim=16,lr_d=0.0001,lr_g=0.0127,n_disc_steps=3,num_heads=8,num_layers=3",0.012675347633568371,0.0001487697633094924,32,16,64,3,0.25,8,False,3,0.0044298430745934765,rmsprop,25
61475_00142,0.6938856840133667,1724196527,,True,10,2024-08-20_19-28-47,27.399762868881226,276.5065360069275,724943,WUSSYRD230001,172.27.161.222,276.5065360069275,10,"142_batch_size=64,bidirectional=False,clip_value=0.0016,dropout_prob=0.2500,embedding_dim=64,hidden_dim=64,lr_d=0.0092,lr_g=0.0001,n_disc_steps=3,num_heads=4,num_layers=2",7.892446155967036e-05,0.009217218370438271,64,64,64,2,0.25,4,False,3,0.0016362901630194362,rmsprop,25
61475_00143,0.6932724714279175,1724196664,,True,10,2024-08-20_19-31-04,13.11041522026062,133.11850452423096,725833,WUSSYRD230001,172.27.161.222,133.11850452423096,10,"143_batch_size=64,bidirectional=True,clip_value=0.0022,dropout_prob=0.5000,embedding_dim=64,hidden_dim=16,lr_d=0.0006,lr_g=0.0035,n_disc_steps=1,num_heads=8,num_layers=3",0.0034980926896826248,0.0005790827662089759,64,16,64,3,0.5,8,True,1,0.0022149636852547127,rmsprop,25
61475_00144,0.6931596398353577,1724196796,,True,5,2024-08-20_19-33-16,25.391231536865234,129.30245208740234,726567,WUSSYRD230001,172.27.161.222,129.30245208740234,5,"144_batch_size=64,bidirectional=False,clip_value=0.0044,dropout_prob=0.5000,embedding_dim=16,hidden_dim=64,lr_d=0.0000,lr_g=0.0009,n_disc_steps=3,num_heads=2,num_layers=3",0.0009493521449205918,4.270665505409738e-05,64,64,16,3,0.5,2,False,3,0.004352373033557353,rmsprop,25
61475_00145,0.6932054162025452,1724197083,,True,10,2024-08-20_19-38-03,27.9417507648468,283.939989566803,727131,WUSSYRD230001,172.27.161.222,283.939989566803,10,"145_batch_size=64,bidirectional=True,clip_value=0.0082,dropout_prob=0.2500,embedding_dim=64,hidden_dim=32,lr_d=0.0002,lr_g=0.0007,n_disc_steps=3,num_heads=8,num_layers=3",0.0006908194723912238,0.0002345017381242522,64,32,64,3,0.25,8,True,3,0.008151398223004789,rmsprop,25
61475_00146,0.6931481957435608,1724196991,,True,5,2024-08-20_19-36-31,22.724470853805542,115.95549011230469,727553,WUSSYRD230001,172.27.161.222,115.95549011230469,5,"146_batch_size=128,bidirectional=True,clip_value=0.0032,dropout_prob=0.5000,embedding_dim=16,hidden_dim=32,lr_d=0.0000,lr_g=0.0109,n_disc_steps=3,num_heads=4,num_layers=3",0.01088215842737888,2.223118522368846e-05,128,32,16,3,0.5,4,True,3,0.0032415163018970974,rmsprop,25
61475_00147,0.6930769681930542,1724197366,,True,25,2024-08-20_19-42-46,14.71718978881836,371.7506580352783,728154,WUSSYRD230001,172.27.161.222,371.7506580352783,25,"147_batch_size=32,bidirectional=True,clip_value=0.0017,dropout_prob=0.2500,embedding_dim=32,hidden_dim=32,lr_d=0.0004,lr_g=0.0045,n_disc_steps=1,num_heads=2,num_layers=2",0.004462842131165347,0.00037228210369464037,32,32,32,2,0.25,2,True,1,0.001692585394632725,rmsprop,25
61475_00148,0.6936718225479126,1724197464,,True,10,2024-08-20_19-44-24,37.36156892776489,378.55066752433777,728747,WUSSYRD230001,172.27.161.222,378.55066752433777,10,"148_batch_size=64,bidirectional=False,clip_value=0.0031,dropout_prob=0.5000,embedding_dim=16,hidden_dim=32,lr_d=0.0014,lr_g=0.0003,n_disc_steps=5,num_heads=2,num_layers=3",0.0002549557088603925,0.0013798430935204637,64,32,16,3,0.5,2,False,5,0.0031084896710524643,rmsprop,25
61475_00149,0.694115936756134,1724197523,,True,5,2024-08-20_19-45-23,30.397717237472534,154.5480318069458,729978,WUSSYRD230001,172.27.161.222,154.5480318069458,5,"149_batch_size=64,bidirectional=True,clip_value=0.0017,dropout_prob=0.2500,embedding_dim=64,hidden_dim=64,lr_d=0.0078,lr_g=0.0001,n_disc_steps=3,num_heads=4,num_layers=2",8.375432432278408e-05,0.0078429542323729,64,64,64,2,0.25,4,True,3,0.0017419349599120267,rmsprop,25
61475_00150,0.6931555867195129,1724197535,,True,5,2024-08-20_19-45-35,13.288615703582764,67.36888194084167,730470,WUSSYRD230001,172.27.161.222,67.36888194084167,5,"150_batch_size=64,bidirectional=False,clip_value=0.0013,dropout_prob=0.5000,embedding_dim=64,hidden_dim=64,lr_d=0.0000,lr_g=0.0001,n_disc_steps=1,num_heads=2,num_layers=2",9.491076803555784e-05,4.603391866955248e-05,64,64,64,2,0.5,2,False,1,0.001269819223879354,rmsprop,25
61475_00151,0.6934837698936462,1724197638,,True,5,2024-08-20_19-47-18,21.697179794311523,111.43017077445984,730953,WUSSYRD230001,172.27.161.222,111.43017077445984,5,"151_batch_size=128,bidirectional=False,clip_value=0.0028,dropout_prob=0.5000,embedding_dim=64,hidden_dim=16,lr_d=0.0013,lr_g=0.0002,n_disc_steps=3,num_heads=2,num_layers=3",0.00023277508257783032,0.0012764638294114879,128,16,64,3,0.5,2,False,3,0.0027695644079726058,rmsprop,25
61475_00152,0.6937729716300964,1724198034,,True,10,2024-08-20_19-53-54,49.37560319900513,496.41628193855286,731260,WUSSYRD230001,172.27.161.222,496.41628193855286,10,"152_batch_size=32,bidirectional=True,clip_value=0.0090,dropout_prob=0.5000,embedding_dim=32,hidden_dim=128,lr_d=0.0018,lr_g=0.0000,n_disc_steps=3,num_heads=4,num_layers=3",2.7591310772420995e-05,0.0017956346897531523,32,128,32,3,0.5,4,True,3,0.009031665325283142,rmsprop,25
61475_00153,0.6931412220001221,1724197923,,True,20,2024-08-20_19-52-03,14.253398180007935,281.6971175670624,731787,WUSSYRD230001,172.27.161.222,281.6971175670624,20,"153_batch_size=32,bidirectional=False,clip_value=0.0037,dropout_prob=0.2500,embedding_dim=16,hidden_dim=64,lr_d=0.0000,lr_g=0.0001,n_disc_steps=1,num_heads=4,num_layers=3",6.833239871522827e-05,2.461393272367653e-05,32,64,16,3,0.25,4,False,1,0.00374792141330843,rmsprop,25
61475_00154,0.691844642162323,1724198690,,True,25,2024-08-20_20-04-50,30.321796655654907,763.887195110321,732960,WUSSYRD230001,172.27.161.222,763.887195110321,25,"154_batch_size=32,bidirectional=True,clip_value=0.0029,dropout_prob=0.2500,embedding_dim=16,hidden_dim=32,lr_d=0.0198,lr_g=0.0000,n_disc_steps=3,num_heads=8,num_layers=2",2.242266820485526e-05,0.019802605144108584,32,32,16,2,0.25,8,True,3,0.0028597636912206124,rmsprop,25
61475_00155,0.693165123462677,1724198166,,True,5,2024-08-20_19-56-06,25.155537605285645,128.82560992240906,733468,WUSSYRD230001,172.27.161.222,128.82560992240906,5,"155_batch_size=64,bidirectional=False,clip_value=0.0031,dropout_prob=0.2500,embedding_dim=16,hidden_dim=32,lr_d=0.0001,lr_g=0.0024,n_disc_steps=3,num_heads=8,num_layers=3",0.002439023163552557,7.160059566488456e-05,64,32,16,3,0.25,8,False,3,0.0030600130260451854,rmsprop,25
61475_00156,0.6930981278419495,1724199232,,True,25,2024-08-20_20-13-52,42.91775679588318,1063.1696729660034,734078,WUSSYRD230001,172.27.161.222,1063.1696729660034,25,"156_batch_size=128,bidirectional=True,clip_value=0.0023,dropout_prob=0.2500,embedding_dim=16,hidden_dim=64,lr_d=0.0002,lr_g=0.0004,n_disc_steps=5,num_heads=2,num_layers=2",0.0003548118341211306,0.0002041503705675328,128,64,16,2,0.25,2,True,5,0.0022866784940652014,rmsprop,25
61475_00157,0.6931471824645996,1724199026,,True,10,2024-08-20_20-10-26,33.07247853279114,333.3360426425934,735507,WUSSYRD230001,172.27.161.222,333.3360426425934,10,"157_batch_size=32,bidirectional=True,clip_value=0.0053,dropout_prob=0.2500,embedding_dim=32,hidden_dim=64,lr_d=0.0006,lr_g=0.0001,n_disc_steps=3,num_heads=8,num_layers=2",0.00010761256817229075,0.000569476798189977,32,64,32,2,0.25,8,True,3,0.00532232728247821,rmsprop,25
61475_00158,0.6939348578453064,1724199106,,True,5,2024-08-20_20-11-46,14.902669191360474,76.96491193771362,736513,WUSSYRD230001,172.27.161.222,76.96491193771362,5,"158_batch_size=64,bidirectional=True,clip_value=0.0017,dropout_prob=0.5000,embedding_dim=64,hidden_dim=64,lr_d=0.0031,lr_g=0.0001,n_disc_steps=1,num_heads=8,num_layers=3",6.153993765131765e-05,0.003064257310619371,64,64,64,3,0.5,8,True,1,0.001712138360673615,rmsprop,25
61475_00159,0.6955810785293579,1724199323,,True,5,2024-08-20_20-15-23,42.04743242263794,213.753244638443,737044,WUSSYRD230001,172.27.161.222,213.753244638443,5,"159_batch_size=64,bidirectional=False,clip_value=0.0058,dropout_prob=0.5000,embedding_dim=64,hidden_dim=32,lr_d=0.0069,lr_g=0.0056,n_disc_steps=5,num_heads=4,num_layers=3",0.005564310461050351,0.006889345103204888,64,32,64,3,0.5,4,False,5,0.005794209485010747,rmsprop,25
61475_00160,0.6932101845741272,1724199453,,True,5,2024-08-20_20-17-33,42.79778265953064,217.1748366355896,737511,WUSSYRD230001,172.27.161.222,217.1748366355896,5,"160_batch_size=128,bidirectional=True,clip_value=0.0027,dropout_prob=0.5000,embedding_dim=32,hidden_dim=128,lr_d=0.0002,lr_g=0.0002,n_disc_steps=3,num_heads=8,num_layers=2",0.00020839259249377405,0.00023696066629417324,128,128,32,2,0.5,8,True,3,0.0027283682683583743,rmsprop,25
61475_00161,0.6931812167167664,1724199451,,True,10,2024-08-20_20-17-31,12.247692346572876,124.79160189628601,737936,WUSSYRD230001,172.27.161.222,124.79160189628601,10,"161_batch_size=64,bidirectional=False,clip_value=0.0037,dropout_prob=0.2500,embedding_dim=64,hidden_dim=32,lr_d=0.0001,lr_g=0.0001,n_disc_steps=1,num_heads=4,num_layers=2",5.649279600631326e-05,0.00014288487111471294,64,32,64,2,0.25,4,False,1,0.0036902316066759976,rmsprop,25
61475_00162,0.6932088732719421,1724199715,,True,10,2024-08-20_20-21-55,25.710427284240723,260.52715492248535,738680,WUSSYRD230001,172.27.161.222,260.52715492248535,10,"162_batch_size=64,bidirectional=False,clip_value=0.0039,dropout_prob=0.5000,embedding_dim=32,hidden_dim=64,lr_d=0.0002,lr_g=0.0014,n_disc_steps=3,num_heads=4,num_layers=3",0.0013721519767425203,0.00024652020616223406,64,64,32,3,0.5,4,False,3,0.0038930897536403955,rmsprop,25
61475_00163,0.6931982636451721,1724199670,,True,5,2024-08-20_20-21-10,42.42614150047302,213.9109320640564,738735,WUSSYRD230001,172.27.161.222,213.9109320640564,5,"163_batch_size=64,bidirectional=False,clip_value=0.0011,dropout_prob=0.2500,embedding_dim=64,hidden_dim=32,lr_d=0.0002,lr_g=0.0010,n_disc_steps=5,num_heads=4,num_layers=2",0.0010425430766676385,0.00020461628754322552,64,32,64,2,0.25,4,False,5,0.0011481465331591872,rmsprop,25
61475_00164,0.6967118382453918,1724200068,,True,10,2024-08-20_20-27-48,39.43441390991211,394.5317416191101,739740,WUSSYRD230001,172.27.161.222,394.5317416191101,10,"164_batch_size=64,bidirectional=True,clip_value=0.0066,dropout_prob=0.2500,embedding_dim=16,hidden_dim=16,lr_d=0.0147,lr_g=0.0198,n_disc_steps=5,num_heads=8,num_layers=2",0.01980521342035709,0.014666057497310616,64,16,16,2,0.25,8,True,5,0.006572845571279755,rmsprop,25
61475_00165,0.6975651383399963,1724199834,,True,5,2024-08-20_20-23-54,22.735311031341553,115.97369647026062,740120,WUSSYRD230001,172.27.161.222,115.97369647026062,5,"165_batch_size=128,bidirectional=True,clip_value=0.0095,dropout_prob=0.5000,embedding_dim=64,hidden_dim=16,lr_d=0.0167,lr_g=0.0057,n_disc_steps=3,num_heads=2,num_layers=3",0.0057201831467358025,0.01672588571377734,128,16,64,3,0.5,2,True,3,0.009481241461186507,rmsprop,25
61475_00166,0.6952734589576721,1724199905,,True,5,2024-08-20_20-25-05,13.116418600082397,67.42669677734375,740695,WUSSYRD230001,172.27.161.222,67.42669677734375,5,"166_batch_size=64,bidirectional=True,clip_value=0.0040,dropout_prob=0.5000,embedding_dim=64,hidden_dim=32,lr_d=0.0082,lr_g=0.0121,n_disc_steps=1,num_heads=2,num_layers=3",0.012061421218704335,0.008170831133888369,64,32,64,3,0.5,2,True,1,0.004041505667232655,rmsprop,25
61475_00167,0.6932469010353088,1724200107,,True,5,2024-08-20_20-28-27,39.5789532661438,198.38728857040405,741201,WUSSYRD230001,172.27.161.222,198.38728857040405,5,"167_batch_size=64,bidirectional=False,clip_value=0.0040,dropout_prob=0.2500,embedding_dim=32,hidden_dim=64,lr_d=0.0003,lr_g=0.0158,n_disc_steps=5,num_heads=2,num_layers=3",0.01583702974856232,0.00033829786628383903,64,64,32,3,0.25,2,False,5,0.0039717438812833985,rmsprop,25
61475_00168,0.6931471824645996,1724201108,,True,20,2024-08-20_20-45-08,50.864991426467896,1036.4813714027405,741817,WUSSYRD230001,172.27.161.222,1036.4813714027405,20,"168_batch_size=32,bidirectional=True,clip_value=0.0068,dropout_prob=0.2500,embedding_dim=64,hidden_dim=16,lr_d=0.0018,lr_g=0.0009,n_disc_steps=5,num_heads=4,num_layers=2",0.0008564542921285286,0.001806223461719767,32,16,64,2,0.25,4,True,5,0.0067779852660584386,rmsprop,25
61475_00169,0.6931250095367432,1724200895,,True,25,2024-08-20_20-41-35,31.32059335708618,785.4909844398499,742135,WUSSYRD230001,172.27.161.222,785.4909844398499,25,"169_batch_size=32,bidirectional=False,clip_value=0.0067,dropout_prob=0.5000,embedding_dim=32,hidden_dim=64,lr_d=0.0004,lr_g=0.0000,n_disc_steps=3,num_heads=8,num_layers=3",2.6468060540530317e-05,0.0004466240014203028,32,64,32,3,0.5,8,False,3,0.006747363440191921,rmsprop,25
61475_00170,0.6931765675544739,1724201566,,True,20,2024-08-20_20-52-46,33.28967213630676,667.5111839771271,743966,WUSSYRD230001,172.27.161.222,667.5111839771271,20,"170_batch_size=128,bidirectional=True,clip_value=0.0093,dropout_prob=0.5000,embedding_dim=16,hidden_dim=16,lr_d=0.0058,lr_g=0.0088,n_disc_steps=5,num_heads=2,num_layers=2",0.008756738496339709,0.005829478195848834,128,16,16,2,0.5,2,True,5,0.009279108823908692,rmsprop,25
61475_00171,0.6931853294372559,1724201403,,True,5,2024-08-20_20-50-03,58.1775164604187,291.76058053970337,744665,WUSSYRD230001,172.27.161.222,291.76058053970337,5,"171_batch_size=32,bidirectional=True,clip_value=0.0012,dropout_prob=0.2500,embedding_dim=64,hidden_dim=64,lr_d=0.0002,lr_g=0.0011,n_disc_steps=5,num_heads=2,num_layers=2",0.0010639623061579888,0.00015257173513970795,32,64,64,2,0.25,2,True,5,0.0011820929893933219,rmsprop,25
61475_00172,0.6931472420692444,1724201864,,True,10,2024-08-20_20-57-44,45.256134033203125,457.56385803222656,745482,WUSSYRD230001,172.27.161.222,457.56385803222656,10,"172_batch_size=128,bidirectional=False,clip_value=0.0022,dropout_prob=0.5000,embedding_dim=32,hidden_dim=128,lr_d=0.0008,lr_g=0.0001,n_disc_steps=5,num_heads=8,num_layers=3",0.00010657321164805715,0.0008182751002921432,128,128,32,3,0.5,8,False,5,0.0021601097366994487,rmsprop,25
61475_00173,0.6936732530593872,1724201709,,True,5,2024-08-20_20-55-09,27.427278518676758,139.38174510002136,746078,WUSSYRD230001,172.27.161.222,139.38174510002136,5,"173_batch_size=64,bidirectional=True,clip_value=0.0061,dropout_prob=0.2500,embedding_dim=64,hidden_dim=32,lr_d=0.0007,lr_g=0.0001,n_disc_steps=3,num_heads=4,num_layers=2",5.888832129350398e-05,0.0007286645402207657,64,32,64,2,0.25,4,True,3,0.006065965448758145,rmsprop,25
61475_00174,0.6933797001838684,1724201856,,True,5,2024-08-20_20-57-36,28.44235110282898,144.7793710231781,746658,WUSSYRD230001,172.27.161.222,144.7793710231781,5,"174_batch_size=128,bidirectional=False,clip_value=0.0039,dropout_prob=0.2500,embedding_dim=64,hidden_dim=128,lr_d=0.0010,lr_g=0.0133,n_disc_steps=3,num_heads=2,num_layers=3",0.013318116747346379,0.0010214401452685725,128,128,64,3,0.25,2,False,3,0.003855391046554835,rmsprop,25
61475_00175,0.6931477189064026,1724201960,,True,5,2024-08-20_20-59-20,19.602970838546753,100.5842936038971,747239,WUSSYRD230001,172.27.161.222,100.5842936038971,5,"175_batch_size=64,bidirectional=True,clip_value=0.0017,dropout_prob=0.2500,embedding_dim=16,hidden_dim=128,lr_d=0.0001,lr_g=0.0160,n_disc_steps=1,num_heads=2,num_layers=2",0.016006989544856284,8.463274573296863e-05,64,128,16,2,0.25,2,True,1,0.001673055693228085,rmsprop,25
61475_00176,0.693690299987793,1724202099,,True,5,2024-08-20_21-01-39,45.845290422439575,231.40964150428772,747546,WUSSYRD230001,172.27.161.222,231.40964150428772,5,"176_batch_size=32,bidirectional=False,clip_value=0.0012,dropout_prob=0.5000,embedding_dim=16,hidden_dim=64,lr_d=0.0043,lr_g=0.0000,n_disc_steps=5,num_heads=2,num_layers=3",2.8351205230048573e-05,0.0042641180756892915,32,64,16,3,0.5,2,False,5,0.0011669308318595197,rmsprop,25
61475_00177,0.6931771039962769,1724202346,,True,5,2024-08-20_21-05-46,75.91254496574402,382.5339210033417,748074,WUSSYRD230001,172.27.161.222,382.5339210033417,5,"177_batch_size=32,bidirectional=True,clip_value=0.0044,dropout_prob=0.2500,embedding_dim=64,hidden_dim=128,lr_d=0.0001,lr_g=0.0009,n_disc_steps=5,num_heads=2,num_layers=3",0.0008885717516477083,0.00012004265589634909,32,128,64,3,0.25,2,True,5,0.004435128069760345,rmsprop,25
61475_00178,0.6935076117515564,1724202359,,True,10,2024-08-20_21-05-59,25.756810188293457,257.242915391922,748518,WUSSYRD230001,172.27.161.222,257.242915391922,10,"178_batch_size=64,bidirectional=False,clip_value=0.0013,dropout_prob=0.2500,embedding_dim=16,hidden_dim=32,lr_d=0.0009,lr_g=0.0052,n_disc_steps=3,num_heads=2,num_layers=3",0.0052138622699648635,0.0009281691403540107,64,32,16,3,0.25,2,False,3,0.001274831395228978,rmsprop,25
61475_00179,0.6931474208831787,1724202409,,True,5,2024-08-20_21-06-49,11.380651950836182,59.41538763046265,749292,WUSSYRD230001,172.27.161.222,59.41538763046265,5,"179_batch_size=128,bidirectional=True,clip_value=0.0040,dropout_prob=0.5000,embedding_dim=16,hidden_dim=32,lr_d=0.0004,lr_g=0.0002,n_disc_steps=1,num_heads=8,num_layers=3",0.00017557032806769804,0.0003988495881184898,128,32,16,3,0.5,8,True,1,0.003967051910536921,rmsprop,25
61475_00180,0.693221926689148,1724202796,,True,10,2024-08-20_21-13-16,43.62629270553589,433.92862486839294,749599,WUSSYRD230001,172.27.161.222,433.92862486839294,10,"180_batch_size=64,bidirectional=False,clip_value=0.0027,dropout_prob=0.5000,embedding_dim=64,hidden_dim=32,lr_d=0.0013,lr_g=0.0115,n_disc_steps=5,num_heads=4,num_layers=2",0.011505744941454196,0.0012835540811012,64,32,64,2,0.5,4,False,5,0.0027326669423512807,rmsprop,25
61475_00181,0.6931708455085754,1724202587,,True,5,2024-08-20_21-09-47,34.78204894065857,175.5392987728119,750088,WUSSYRD230001,172.27.161.222,175.5392987728119,5,"181_batch_size=128,bidirectional=False,clip_value=0.0018,dropout_prob=0.5000,embedding_dim=32,hidden_dim=64,lr_d=0.0001,lr_g=0.0035,n_disc_steps=5,num_heads=2,num_layers=2",0.0034554444291587804,9.517388914906677e-05,128,64,32,2,0.5,2,False,5,0.0017930194413380456,rmsprop,25
61475_00182,0.6931760311126709,1724202750,,True,5,2024-08-20_21-12-30,31.441062688827515,159.57237339019775,750696,WUSSYRD230001,172.27.161.222,159.57237339019775,5,"182_batch_size=32,bidirectional=False,clip_value=0.0028,dropout_prob=0.2500,embedding_dim=64,hidden_dim=16,lr_d=0.0001,lr_g=0.0013,n_disc_steps=3,num_heads=4,num_layers=2",0.0012795323017157462,0.00011523672716785332,32,16,64,2,0.25,4,False,3,0.0028176796401412365,rmsprop,25
61475_00183,0.6932064890861511,1724202978,,True,5,2024-08-20_21-16-18,45.33622121810913,224.26327538490295,751274,WUSSYRD230001,172.27.161.222,224.26327538490295,5,"183_batch_size=32,bidirectional=False,clip_value=0.0063,dropout_prob=0.2500,embedding_dim=16,hidden_dim=16,lr_d=0.0002,lr_g=0.0006,n_disc_steps=5,num_heads=8,num_layers=3",0.0006129121938088757,0.00023517443332657774,32,16,16,3,0.25,8,False,5,0.006293572218317637,rmsprop,25
61475_00184,0.6939259767532349,1724202907,,True,5,2024-08-20_21-15-07,21.392895936965942,108.10556411743164,751618,WUSSYRD230001,172.27.161.222,108.10556411743164,5,"184_batch_size=128,bidirectional=True,clip_value=0.0016,dropout_prob=0.5000,embedding_dim=32,hidden_dim=128,lr_d=0.0169,lr_g=0.0132,n_disc_steps=1,num_heads=4,num_layers=2",0.013166558392274126,0.016907506097660705,128,128,32,2,0.5,4,True,1,0.001556993901953753,rmsprop,25
61475_00185,0.6942136287689209,1724202988,,True,5,2024-08-20_21-16-28,15.722627639770508,78.73615002632141,752180,WUSSYRD230001,172.27.161.222,78.73615002632141,5,"185_batch_size=32,bidirectional=True,clip_value=0.0020,dropout_prob=0.5000,embedding_dim=16,hidden_dim=32,lr_d=0.0054,lr_g=0.0000,n_disc_steps=1,num_heads=8,num_layers=2",2.5979738728309376e-05,0.0053935620834328,32,32,16,2,0.5,8,True,1,0.0020034458546236275,rmsprop,25
61475_00186,0.6931625008583069,1724203223,,True,10,2024-08-20_21-20-23,23.80784583091736,242.52582502365112,752674,WUSSYRD230001,172.27.161.222,242.52582502365112,10,"186_batch_size=64,bidirectional=False,clip_value=0.0020,dropout_prob=0.5000,embedding_dim=32,hidden_dim=16,lr_d=0.0001,lr_g=0.0000,n_disc_steps=3,num_heads=8,num_layers=3",3.221687739085168e-05,6.224172798123999e-05,64,16,32,3,0.5,8,False,3,0.002030475027700627,rmsprop,25
61475_00187,0.6930797100067139,1724203427,,True,25,2024-08-20_21-23-47,38.542237520217896,435.5879256725311,752981,WUSSYRD230001,172.27.161.222,435.5879256725311,25,"187_batch_size=32,bidirectional=False,clip_value=0.0021,dropout_prob=0.5000,embedding_dim=16,hidden_dim=128,lr_d=0.0003,lr_g=0.0005,n_disc_steps=1,num_heads=4,num_layers=3",0.0005123010650528578,0.00031658496663206326,32,128,16,3,0.5,4,False,1,0.002108477293620965,rmsprop,25
61475_00188,0.693713366985321,1724203892,,True,25,2024-08-20_21-31-32,29.142096042633057,664.6335852146149,754114,WUSSYRD230001,172.27.161.222,664.6335852146149,25,"188_batch_size=128,bidirectional=True,clip_value=0.0012,dropout_prob=0.5000,embedding_dim=32,hidden_dim=128,lr_d=0.0020,lr_g=0.0002,n_disc_steps=1,num_heads=4,num_layers=2",0.00024076585423949852,0.0019687679975667906,128,128,32,2,0.5,4,True,1,0.0011586804764174609,rmsprop,25
61475_00189,0.6932377815246582,1724205826,,True,20,2024-08-20_22-03-46,119.62815117835999,2395.5130677223206,755422,WUSSYRD230001,172.27.161.222,2395.5130677223206,20,"189_batch_size=32,bidirectional=False,clip_value=0.0037,dropout_prob=0.2500,embedding_dim=64,hidden_dim=32,lr_d=0.0016,lr_g=0.0007,n_disc_steps=5,num_heads=4,num_layers=2",0.0006927130666160913,0.001587884377751098,32,32,64,2,0.25,4,False,5,0.003714604504808506,rmsprop,25
61475_00190,0.693757176399231,1724204183,,True,5,2024-08-20_21-36-23,57.15950155258179,287.9943344593048,758752,WUSSYRD230001,172.27.161.222,287.9943344593048,5,"190_batch_size=128,bidirectional=False,clip_value=0.0012,dropout_prob=0.5000,embedding_dim=16,hidden_dim=16,lr_d=0.0091,lr_g=0.0001,n_disc_steps=5,num_heads=2,num_layers=2",9.561647153595446e-05,0.009137730485671592,128,16,16,2,0.5,2,False,5,0.0012136830559774912,rmsprop,25
61475_00191,0.6931275129318237,1724206955,,True,25,2024-08-20_22-22-35,111.24652814865112,2769.1585822105408,760872,WUSSYRD230001,172.27.161.222,2769.1585822105408,25,"191_batch_size=32,bidirectional=False,clip_value=0.0045,dropout_prob=0.2500,embedding_dim=64,hidden_dim=16,lr_d=0.0001,lr_g=0.0039,n_disc_steps=5,num_heads=2,num_layers=2",0.003890087589825634,8.187462625033944e-05,32,16,64,2,0.25,2,False,5,0.004454135945453677,rmsprop,25
61475_00192,0.6932438015937805,1724206154,,True,5,2024-08-20_22-09-14,63.91272521018982,324.5725736618042,771315,WUSSYRD230001,172.27.161.222,324.5725736618042,5,"192_batch_size=64,bidirectional=False,clip_value=0.0027,dropout_prob=0.5000,embedding_dim=16,hidden_dim=128,lr_d=0.0056,lr_g=0.0000,n_disc_steps=3,num_heads=8,num_layers=2",4.1802721675881846e-05,0.0056079192309504595,64,128,16,2,0.5,8,False,3,0.002729638461465587,rmsprop,25
61475_00193,0.6931765675544739,1724207041,,True,10,2024-08-20_22-24-01,88.28065276145935,883.5221445560455,773633,WUSSYRD230001,172.27.161.222,883.5221445560455,10,"193_batch_size=64,bidirectional=False,clip_value=0.0011,dropout_prob=0.5000,embedding_dim=16,hidden_dim=32,lr_d=0.0001,lr_g=0.0100,n_disc_steps=5,num_heads=8,num_layers=3",0.009994194969854705,0.00012046860105578599,64,32,16,3,0.5,8,False,5,0.0010896482127073245,rmsprop,25
61475_00194,0.6931583285331726,1724207505,,True,20,2024-08-20_22-31-45,27.066298961639404,546.509560585022,778869,WUSSYRD230001,172.27.161.222,546.509560585022,20,"194_batch_size=64,bidirectional=False,clip_value=0.0047,dropout_prob=0.5000,embedding_dim=32,hidden_dim=128,lr_d=0.0000,lr_g=0.0001,n_disc_steps=1,num_heads=8,num_layers=3",8.234982764485869e-05,3.777435588470143e-05,64,128,32,3,0.5,8,False,1,0.004729313909327301,rmsprop,25
61475_00195,0.6977106928825378,1724208621,,True,10,2024-08-20_22-50-21,158.10327172279358,1577.6298077106476,779699,WUSSYRD230001,172.27.161.222,1577.6298077106476,10,"195_batch_size=32,bidirectional=True,clip_value=0.0091,dropout_prob=0.2500,embedding_dim=16,hidden_dim=128,lr_d=0.0174,lr_g=0.0024,n_disc_steps=5,num_heads=2,num_layers=2",0.0023673697986773255,0.017376498057774067,32,128,16,2,0.25,2,True,5,0.009105545539983585,rmsprop,25
61475_00196,0.6932535767555237,1724208089,,True,10,2024-08-20_22-41-29,57.92173147201538,580.323028087616,783120,WUSSYRD230001,172.27.161.222,580.323028087616,10,"196_batch_size=64,bidirectional=True,clip_value=0.0019,dropout_prob=0.2500,embedding_dim=16,hidden_dim=64,lr_d=0.0005,lr_g=0.0141,n_disc_steps=3,num_heads=4,num_layers=3",0.014146477962353078,0.000537260283725784,64,64,16,3,0.25,4,True,3,0.001875065120585088,rmsprop,25
61475_00197,0.6931546330451965,1724208402,,True,5,2024-08-20_22-46-42,61.2641806602478,310.2582948207855,786999,WUSSYRD230001,172.27.161.222,310.2582948207855,5,"197_batch_size=128,bidirectional=False,clip_value=0.0020,dropout_prob=0.5000,embedding_dim=64,hidden_dim=16,lr_d=0.0000,lr_g=0.0082,n_disc_steps=5,num_heads=8,num_layers=3",0.00815751786674658,2.9926831330246976e-05,128,16,64,3,0.5,8,False,5,0.0019850440935550964,rmsprop,25
61475_00198,0.6931471824645996,1724211473,,True,20,2024-08-20_23-37-53,153.46478748321533,3068.2012407779694,789166,WUSSYRD230001,172.27.161.222,3068.2012407779694,20,"198_batch_size=32,bidirectional=True,clip_value=0.0045,dropout_prob=0.5000,embedding_dim=32,hidden_dim=128,lr_d=0.0005,lr_g=0.0073,n_disc_steps=5,num_heads=4,num_layers=3",0.007319945993254135,0.0004785155447897373,32,128,32,3,0.5,4,True,5,0.004456180292412362,rmsprop,25
61475_00199,0.6950792074203491,1724209339,,True,5,2024-08-20_23-02-19,142.23059630393982,715.4612786769867,790731,WUSSYRD230001,172.27.161.222,715.4612786769867,5,"199_batch_size=32,bidirectional=True,clip_value=0.0039,dropout_prob=0.2500,embedding_dim=64,hidden_dim=64,lr_d=0.0080,lr_g=0.0153,n_disc_steps=5,num_heads=8,num_layers=3",0.01527659316353816,0.007965721489337206,32,64,64,3,0.25,8,True,5,0.003922233623037476,rmsprop,25
